ticker,variavel,correlacao
AALR3,delta_selic,0.18371574111546926
AALR3,delta_ipca,0.012772042316934133
AALR3,var_dolar,-0.27760825879661266
AALR3,ibc_var,0.19551891467835145
ABCB4,delta_selic,0.049226842938439694
ABCB4,delta_ipca,-0.020057843747536105
ABCB4,var_dolar,-0.556967783254931
ABCB4,ibc_var,0.11703433491085528
ABEV3,delta_selic,0.09636426713075323
ABEV3,delta_ipca,0.1363274671829056
ABEV3,var_dolar,-0.3115277719172348
ABEV3,ibc_var,0.19021174132016944
ADHM3,delta_selic,0.15404746009537856
ADHM3,delta_ipca,-0.053521416302898216
ADHM3,var_dolar,-0.10287869331958484
ADHM3,ibc_var,-0.20951960405856962
AEDU3,delta_selic,0.0384306329860366
AEDU3,delta_ipca,0.1252748833268676
AEDU3,var_dolar,-0.19733626748358415
AEDU3,ibc_var,-0.24985743629127996
AELP3,delta_selic,0.2505678962422734
AELP3,delta_ipca,-0.19786352715545588
AELP3,var_dolar,-0.2864217680225891
AELP3,ibc_var,-0.07720931730535942
AERI3,delta_selic,0.012861322586484984
AERI3,delta_ipca,-0.2636383803581749
AERI3,var_dolar,-0.11614592566789243
AERI3,ibc_var,0.01582363278482201
AFLT3,delta_selic,-0.07251296614437432
AFLT3,delta_ipca,0.00939430979569267
AFLT3,var_dolar,-0.17755120594844304
AFLT3,ibc_var,0.2222890955448642
AGRO3,delta_selic,-0.037518477502513324
AGRO3,delta_ipca,-0.0998538402867741
AGRO3,var_dolar,-0.1768501713237858
AGRO3,ibc_var,-0.03232964122843123
AGXY3,delta_selic,0.2958433060954649
AGXY3,delta_ipca,-0.3146493458489746
AGXY3,var_dolar,-0.1634356187809773
AGXY3,ibc_var,-0.009659797341303013
ALLD3,delta_selic,0.08106303683144274
ALLD3,delta_ipca,-0.24113533372585277
ALLD3,var_dolar,-0.3840148831966747
ALLD3,ibc_var,-0.15500230052136665
ALOS3,delta_selic,0.021280231809292494
ALOS3,delta_ipca,0.01610248197513063
ALOS3,var_dolar,-0.4492202953756923
ALOS3,ibc_var,0.21426262650904826
ALPA4,delta_selic,0.03700349839562222
ALPA4,delta_ipca,-0.045486915046462975
ALPA4,var_dolar,-0.2091902250532491
ALPA4,ibc_var,0.13016045481034824
ALPK3,delta_selic,-0.06739730609141381
ALPK3,delta_ipca,-0.18972246919491279
ALPK3,var_dolar,-0.2245208539382126
ALPK3,ibc_var,-0.16369342534111106
ALSC3,delta_selic,-0.07593387842113934
ALSC3,delta_ipca,-0.04960463713172702
ALSC3,var_dolar,-0.46380457977933426
ALSC3,ibc_var,0.03034578580092818
ALUP11,delta_selic,0.10299572363965463
ALUP11,delta_ipca,-0.142232508081387
ALUP11,var_dolar,-0.367511301940932
ALUP11,ibc_var,0.09585297234922073
AMAR3,delta_selic,0.06422416203185616
AMAR3,delta_ipca,-0.07730710746362145
AMAR3,var_dolar,-0.4170323366890239
AMAR3,ibc_var,0.07963688947750294
AMBP3,delta_selic,0.10845612296928454
AMBP3,delta_ipca,0.1541009175000054
AMBP3,var_dolar,-0.052865828485277114
AMBP3,ibc_var,0.04993281429253192
AMBV4,delta_selic,-0.027579627692579288
AMBV4,delta_ipca,0.23800770245272462
AMBV4,var_dolar,0.06823052454134722
AMBV4,ibc_var,-0.04338624169244301
AMER3,delta_selic,-0.04570548411482743
AMER3,delta_ipca,-0.12243287527024317
AMER3,var_dolar,-0.16718039479307883
AMER3,ibc_var,-0.08865801659130489
AMIL3,delta_selic,0.05627007650808406
AMIL3,delta_ipca,-0.2112079306191914
AMIL3,var_dolar,-0.30743359654603314
AMIL3,ibc_var,0.01250953304383215
ANIM3,delta_selic,0.029319387237568106
ANIM3,delta_ipca,-0.149774735701243
ANIM3,var_dolar,-0.3888402934348772
ANIM3,ibc_var,0.1203085480946701
APER3,delta_selic,-0.12155664974674708
APER3,delta_ipca,0.10893807686485622
APER3,var_dolar,-0.432688533121189
APER3,ibc_var,0.14276175336697228
ARML3,delta_selic,0.08202924638288121
ARML3,delta_ipca,0.09292989680694724
ARML3,var_dolar,-0.34318370638866036
ARML3,ibc_var,0.13191253506041925
ARND3,delta_selic,-0.24551696364531492
ARND3,delta_ipca,0.14905377473102213
ARND3,var_dolar,-0.20262721108913487
ARND3,ibc_var,-0.18498137004365334
ARTR3,delta_selic,-0.22411007242458672
ARTR3,delta_ipca,-0.1826480833283169
ARTR3,var_dolar,-0.33060654425065494
ARTR3,ibc_var,-0.2658381415014852
ASAI3,delta_selic,0.16420442393840057
ASAI3,delta_ipca,-0.03959691883965147
ASAI3,var_dolar,-0.40004044971811753
ASAI3,ibc_var,0.12460595345843654
AURE3,delta_selic,-0.010706107379580531
AURE3,delta_ipca,0.0024979027321207223
AURE3,var_dolar,-0.2534004129114939
AURE3,ibc_var,-0.01898477546054824
AUTM3,delta_selic,-0.060413243274699116
AUTM3,delta_ipca,0.05633315847289819
AUTM3,var_dolar,-0.16654655651262598
AUTM3,ibc_var,-0.12836310872492693
AVLL3,delta_selic,-0.03632824372916659
AVLL3,delta_ipca,-0.10044215132860083
AVLL3,var_dolar,-0.26254197664006557
AVLL3,ibc_var,-0.11117442076321624
AXIA3,delta_selic,0.11379204277305348
AXIA3,delta_ipca,-0.02361247606577695
AXIA3,var_dolar,-0.44236535687559986
AXIA3,ibc_var,0.06123150492594504
AZEV4,delta_selic,0.02085296190336179
AZEV4,delta_ipca,0.12166699879597768
AZEV4,var_dolar,-0.4123970512580875
AZEV4,ibc_var,0.021345606100886087
AZUL4,delta_selic,-0.07414895655171688
AZUL4,delta_ipca,0.024659462516221173
AZUL4,var_dolar,-0.47951517907538505
AZUL4,ibc_var,0.19518176483305047
AZZA3,delta_selic,-0.06200609803952623
AZZA3,delta_ipca,-0.04707620415953204
AZZA3,var_dolar,-0.40390802296170414
AZZA3,ibc_var,0.11583984317501145
B3SA3,delta_selic,-0.059966411855478546
B3SA3,delta_ipca,-0.1017193660530182
B3SA3,var_dolar,-0.4307779780618669
B3SA3,ibc_var,0.10200109533179723
BALM4,delta_selic,0.0007708861362601482
BALM4,delta_ipca,-0.006057871673531647
BALM4,var_dolar,-0.4512150322399135
BALM4,ibc_var,0.31797568893833106
BAUH4,delta_selic,-0.13634881258455975
BAUH4,delta_ipca,0.05516904549434103
BAUH4,var_dolar,-0.21378840575186547
BAUH4,ibc_var,0.002881485673717425
BAZA3,delta_selic,-0.03493627717444308
BAZA3,delta_ipca,0.11058930215841144
BAZA3,var_dolar,-0.28671720578956134
BAZA3,ibc_var,0.0404213684982882
BBAS3,delta_selic,0.08905201453318724
BBAS3,delta_ipca,-0.07205241843319848
BBAS3,var_dolar,-0.5739535164388235
BBAS3,ibc_var,0.10827980210901639
BBDC4,delta_selic,0.04713203626240338
BBDC4,delta_ipca,-0.11353183621777906
BBDC4,var_dolar,-0.51469050151375
BBDC4,ibc_var,0.11656968162970378
BBSE3,delta_selic,0.07648933854250171
BBSE3,delta_ipca,-0.004136495839791348
BBSE3,var_dolar,-0.4782032513273361
BBSE3,ibc_var,0.11396827989134622
BDLL4,delta_selic,0.06413260073732652
BDLL4,delta_ipca,-0.11944339425065593
BDLL4,var_dolar,-0.44670380048907227
BDLL4,ibc_var,0.3714029415154181
BEEF3,delta_selic,-0.029730266463223826
BEEF3,delta_ipca,-0.07480121801503178
BEEF3,var_dolar,-0.11375396414820031
BEEF3,ibc_var,-0.1346756968599287
BEES3,delta_selic,0.005862310954186252
BEES3,delta_ipca,-0.024182788392242815
BEES3,var_dolar,-0.39889378567612693
BEES3,ibc_var,0.1490792687781085
BEMA3,delta_selic,-0.06018863551112847
BEMA3,delta_ipca,0.004532007160650325
BEMA3,var_dolar,-0.168814581790364
BEMA3,ibc_var,-0.1017471845016313
BGIP4,delta_selic,-0.08815457451496236
BGIP4,delta_ipca,0.11813452167930064
BGIP4,var_dolar,-0.5270692296571877
BGIP4,ibc_var,0.39467883052211883
BHGR3,delta_selic,0.14167515550220042
BHGR3,delta_ipca,0.23868181784867712
BHGR3,var_dolar,-0.2883043184700175
BHGR3,ibc_var,0.0012557698648983204
BHIA3,delta_selic,-0.017003633100650725
BHIA3,delta_ipca,-0.21953275550261594
BHIA3,var_dolar,-0.35943273743705423
BHIA3,ibc_var,0.10366120151915453
BICB4,delta_selic,0.2702035444719972
BICB4,delta_ipca,0.04279119473055677
BICB4,var_dolar,-0.16304158290667822
BICB4,ibc_var,-0.07405419797595504
BIED3,delta_selic,-0.10989332550640134
BIED3,delta_ipca,0.036678074603572135
BIED3,var_dolar,-0.15068515849494563
BIED3,ibc_var,0.16589177682227407
BIOM3,delta_selic,-0.24346726271216376
BIOM3,delta_ipca,-0.023136658497040132
BIOM3,var_dolar,-0.1303503811102321
BIOM3,ibc_var,0.07011170809391638
BISA3,delta_selic,0.21813853167549027
BISA3,delta_ipca,-0.08112754698747882
BISA3,var_dolar,-0.27812782397108277
BISA3,ibc_var,-0.3538359359932487
BLAU3,delta_selic,0.15282123655886812
BLAU3,delta_ipca,0.1580958367738439
BLAU3,var_dolar,-0.33907850633521047
BLAU3,ibc_var,0.018658953363665243
BLUT4,delta_selic,0.10129964745370841
BLUT4,delta_ipca,-0.04264639308426478
BLUT4,var_dolar,-0.21388551808306136
BLUT4,ibc_var,-0.00020170369103668744
BMEB4,delta_selic,-0.14395133566557236
BMEB4,delta_ipca,0.09995458633057368
BMEB4,var_dolar,-0.1868826082110233
BMEB4,ibc_var,0.2393140387087075
BMGB4,delta_selic,-0.09103117276932951
BMGB4,delta_ipca,0.11595509991829407
BMGB4,var_dolar,-0.3984024193473384
BMGB4,ibc_var,0.0787913754759237
BMIN4,delta_selic,0.01019063945842239
BMIN4,delta_ipca,-0.1081704871383374
BMIN4,var_dolar,-0.3100833927076231
BMIN4,ibc_var,-0.03407869244209571
BMKS3,delta_selic,0.10517835393732146
BMKS3,delta_ipca,-0.026964336224962495
BMKS3,var_dolar,-0.21250841654641214
BMKS3,ibc_var,0.27970893159814547
BMOB3,delta_selic,0.22733773624097697
BMOB3,delta_ipca,-0.010186011111683373
BMOB3,var_dolar,-0.384941107273434
BMOB3,ibc_var,0.34663760530912413
BMTO4,delta_selic,0.17469367835872684
BMTO4,delta_ipca,-0.1399154202368121
BMTO4,var_dolar,-0.24562032609494647
BMTO4,ibc_var,-0.051715991426462236
BNBR3,delta_selic,-0.07704661855680735
BNBR3,delta_ipca,0.06165703829360968
BNBR3,var_dolar,-0.1971204856852341
BNBR3,ibc_var,0.09480450838655037
BOBR4,delta_selic,-0.19379488639501555
BOBR4,delta_ipca,-0.03393181105592848
BOBR4,var_dolar,-0.30588030038122205
BOBR4,ibc_var,0.010977539875026332
BPAC11,delta_selic,0.010536960516010259
BPAC11,delta_ipca,0.01034922137955077
BPAC11,var_dolar,-0.4764321564211658
BPAC11,ibc_var,0.2764295184092844
BPAN4,delta_selic,-0.03854032410287862
BPAN4,delta_ipca,-0.005567433603895774
BPAN4,var_dolar,-0.4558482569289916
BPAN4,ibc_var,0.30997074900773286
BPHA3,delta_selic,-0.08700928536572186
BPHA3,delta_ipca,-0.06632225679539687
BPHA3,var_dolar,-0.30424600321724493
BPHA3,ibc_var,0.15620032470908218
BRAP4,delta_selic,-0.15616461444502705
BRAP4,delta_ipca,-0.1320219147522884
BRAP4,var_dolar,-0.32224705572872236
BRAP4,ibc_var,0.0716933815918342
BRAV3,delta_selic,0.004365814612944814
BRAV3,delta_ipca,-0.11681129531303655
BRAV3,var_dolar,-0.11919208544879269
BRAV3,ibc_var,-0.16656788755537452
BRBI11,delta_selic,-0.04583987679598573
BRBI11,delta_ipca,-0.2111108292555556
BRBI11,var_dolar,-0.5323693021196657
BRBI11,ibc_var,-0.2741988740920606
BRFS3,delta_selic,0.0070811962875336
BRFS3,delta_ipca,-0.04655494136074853
BRFS3,var_dolar,-0.13966858857680153
BRFS3,ibc_var,-0.045767544898609354
BRIT3,delta_selic,-0.4137272309439237
BRIT3,delta_ipca,0.4227854883057561
BRIT3,var_dolar,-0.4880377742665758
BRIT3,ibc_var,-0.14255263446722863
BRIV4,delta_selic,-0.05313201388588078
BRIV4,delta_ipca,-0.02290581452565416
BRIV4,var_dolar,-0.11508050643080546
BRIV4,ibc_var,-0.047308908164441464
BRKM5,delta_selic,0.07130038086646676
BRKM5,delta_ipca,-0.17398887945430128
BRKM5,var_dolar,-0.0952096263348983
BRKM5,ibc_var,-0.04670326396722229
BRML3,delta_selic,0.035143913924196066
BRML3,delta_ipca,0.10379486599838385
BRML3,var_dolar,-0.4627590135225397
BRML3,ibc_var,0.17002272768489513
BRPR3,delta_selic,-0.004176839796862948
BRPR3,delta_ipca,0.12114717344394726
BRPR3,var_dolar,-0.2796921123090104
BRPR3,ibc_var,0.3110519769288056
BRSR6,delta_selic,0.010572787947563509
BRSR6,delta_ipca,-0.0195382644804031
BRSR6,var_dolar,-0.6205028251207115
BRSR6,ibc_var,0.11294704267564555
BSEV3,delta_selic,0.12916859872586645
BSEV3,delta_ipca,-0.17651401605315298
BSEV3,var_dolar,-0.40437393546869405
BSEV3,ibc_var,0.30078835720405284
BSLI3,delta_selic,-0.048740340402133035
BSLI3,delta_ipca,-0.2913376481518224
BSLI3,var_dolar,-0.025040006186193075
BSLI3,ibc_var,0.05156935402000017
CAMB3,delta_selic,-0.008857388004617887
CAMB3,delta_ipca,0.0444418265423605
CAMB3,var_dolar,-0.5757722527811854
CAMB3,ibc_var,0.5639182031707102
CAML3,delta_selic,-0.13331099192355927
CAML3,delta_ipca,-0.021784491453176617
CAML3,var_dolar,-0.04217249166499993
CAML3,ibc_var,0.11640195775854183
CASH3,delta_selic,0.0659203309549711
CASH3,delta_ipca,-0.10519945245628728
CASH3,var_dolar,-0.3488717732214697
CASH3,ibc_var,0.11421694650608125
CBAV3,delta_selic,-0.004424654767994162
CBAV3,delta_ipca,-0.0497647749993976
CBAV3,var_dolar,-0.2694753398772063
CBAV3,ibc_var,-0.09770060343886577
CBEE3,delta_selic,0.025205682535039436
CBEE3,delta_ipca,-0.10241793388088989
CBEE3,var_dolar,-0.13321833702227412
CBEE3,ibc_var,0.16583728292039732
CCHI3,delta_selic,-0.2152256178685125
CCHI3,delta_ipca,-0.11706676241742145
CCHI3,var_dolar,0.004045619067808507
CCHI3,ibc_var,-0.2346636879612476
CCXC3,delta_selic,0.11463535777256102
CCXC3,delta_ipca,0.11792628771035417
CCXC3,var_dolar,0.2434439143563488
CCXC3,ibc_var,-0.09109780723490228
CEAB3,delta_selic,-0.09204900915976935
CEAB3,delta_ipca,-0.03994820219996111
CEAB3,var_dolar,-0.39118400777700096
CEAB3,ibc_var,0.08102974073043416
CEBR6,delta_selic,0.10102629410118477
CEBR6,delta_ipca,-0.08869190474616738
CEBR6,var_dolar,-0.16956679385131798
CEBR6,ibc_var,0.20127673468632537
CEDO4,delta_selic,-0.1125119485953342
CEDO4,delta_ipca,0.061762547403961233
CEDO4,var_dolar,-0.361273240235501
CEDO4,ibc_var,0.10493037123636201
CEEB3,delta_selic,-0.18126788174381697
CEEB3,delta_ipca,-0.043996036042190254
CEEB3,var_dolar,-0.10611102582916583
CEEB3,ibc_var,0.10087481743995347
CESP6,delta_selic,-0.019849221948677224
CESP6,delta_ipca,-0.07847474132309279
CESP6,var_dolar,-0.3944472651402118
CESP6,ibc_var,0.04244478270770489
CGAS5,delta_selic,-0.015476553521644084
CGAS5,delta_ipca,-0.014165126482717052
CGAS5,var_dolar,-0.2607108188161106
CGAS5,ibc_var,0.2331330835752695
CGRA4,delta_selic,0.022021012370173922
CGRA4,delta_ipca,-0.021493167923750618
CGRA4,var_dolar,-0.3622376261848218
CGRA4,ibc_var,0.2123498239345505
CIEL3,delta_selic,0.035689736040588005
CIEL3,delta_ipca,0.28789238130632033
CIEL3,var_dolar,-0.3775285434100126
CIEL3,ibc_var,0.2150269646684594
CLSA3,delta_selic,-0.3459152796170256
CLSA3,delta_ipca,0.10198701122901915
CLSA3,var_dolar,0.017344042161368527
CLSA3,ibc_var,-0.1811974042904464
CLSC4,delta_selic,0.06072810023193386
CLSC4,delta_ipca,0.010096134256604836
CLSC4,var_dolar,-0.3278661053198872
CLSC4,ibc_var,0.25712448906468094
CMIG4,delta_selic,0.08382373275929711
CMIG4,delta_ipca,-0.059213780893025696
CMIG4,var_dolar,-0.5146651494285661
CMIG4,ibc_var,0.146455639520761
CMIN3,delta_selic,-0.1472820959978418
CMIN3,delta_ipca,-0.3094664254024774
CMIN3,var_dolar,-0.1474151625318696
CMIN3,ibc_var,-0.047056929754999394
COCE5,delta_selic,-0.004506706791113895
COCE5,delta_ipca,-0.13826828430513
COCE5,var_dolar,-0.2780434060874368
COCE5,ibc_var,0.13751931448334473
COGN3,delta_selic,0.10560878228397261
COGN3,delta_ipca,-0.07496075582748271
COGN3,var_dolar,-0.37676207141216794
COGN3,ibc_var,0.15018002839180952
CPFE3,delta_selic,0.15857192816419982
CPFE3,delta_ipca,-0.11019031349137849
CPFE3,var_dolar,-0.327833550716536
CPFE3,ibc_var,0.03243746130743379
CPLE6,delta_selic,0.13346174427456398
CPLE6,delta_ipca,-0.020488947870918636
CPLE6,var_dolar,-0.3557249528308999
CPLE6,ibc_var,0.08295113509260398
CPRE3,delta_selic,-0.09548711579963776
CPRE3,delta_ipca,0.039461295065655023
CPRE3,var_dolar,-0.11624746548394464
CPRE3,ibc_var,0.09984571124081228
CREM3,delta_selic,-0.12638075799990153
CREM3,delta_ipca,0.05553274152115158
CREM3,var_dolar,0.06107303208482646
CREM3,ibc_var,0.07354450970396362
CRFB3,delta_selic,0.10853606718972977
CRFB3,delta_ipca,0.13959632699349614
CRFB3,var_dolar,-0.2909956052693563
CRFB3,ibc_var,0.022636203365333972
CRIV4,delta_selic,-0.06719060209436002
CRIV4,delta_ipca,0.09885776023156895
CRIV4,var_dolar,-0.15500602586158602
CRIV4,ibc_var,0.27207657886015024
CRPG5,delta_selic,-0.18785691959085163
CRPG5,delta_ipca,-0.088474157757277
CRPG5,var_dolar,-0.020567158156248336
CRPG5,ibc_var,-0.12091987527517768
CRUZ3,delta_selic,0.012635963865837846
CRUZ3,delta_ipca,0.015667317724247804
CRUZ3,var_dolar,-0.04654490974798996
CRUZ3,ibc_var,-0.006643114059645038
CSAN3,delta_selic,-0.039575492144721496
CSAN3,delta_ipca,-0.06887145611605089
CSAN3,var_dolar,-0.35806448811688196
CSAN3,ibc_var,0.019561632163190238
CSED3,delta_selic,0.039036674692389244
CSED3,delta_ipca,-0.04983516740473737
CSED3,var_dolar,-0.33055599747907743
CSED3,ibc_var,0.012189928156716925
CSMG3,delta_selic,-0.07537381421293084
CSMG3,delta_ipca,0.08614073713102427
CSMG3,var_dolar,-0.4059884555135192
CSMG3,ibc_var,-0.02095642934337909
CSNA3,delta_selic,-0.0559788956834966
CSNA3,delta_ipca,-0.14975578274031295
CSNA3,var_dolar,-0.2570848677596024
CSNA3,ibc_var,0.012694346196460954
CSRN3,delta_selic,0.2764862146716758
CSRN3,delta_ipca,-0.14375867091987532
CSRN3,var_dolar,-0.30691020415296444
CSRN3,ibc_var,0.08593495286403631
CSUD3,delta_selic,-0.16720721921110507
CSUD3,delta_ipca,-0.06922128826379237
CSUD3,var_dolar,-0.27390262234632
CSUD3,ibc_var,0.0060827832508626315
CTAX3,delta_selic,0.001357717903823103
CTAX3,delta_ipca,-0.06419474347493695
CTAX3,var_dolar,-0.1701391761442769
CTAX3,ibc_var,0.02973004832244083
CTKA4,delta_selic,-0.08259305909129337
CTKA4,delta_ipca,0.03892931908134252
CTKA4,var_dolar,-0.34375422902959973
CTKA4,ibc_var,0.10352008060297156
CTNM4,delta_selic,-0.04822373033150808
CTNM4,delta_ipca,0.01743399865280065
CTNM4,var_dolar,-0.4485367030445188
CTNM4,ibc_var,0.10420933849941032
CTSA4,delta_selic,-0.1670941512888372
CTSA4,delta_ipca,-0.05989696764564164
CTSA4,var_dolar,-0.24240535042922245
CTSA4,ibc_var,0.11505978088653748
CURY3,delta_selic,-0.0578607799161829
CURY3,delta_ipca,-0.2504569878774487
CURY3,var_dolar,-0.2651599580348286
CURY3,ibc_var,-0.10209778098179086
CVCB3,delta_selic,-0.027138307290386444
CVCB3,delta_ipca,-0.07316090898781065
CVCB3,var_dolar,-0.48092218719504287
CVCB3,ibc_var,0.13468872046317454
CXSE3,delta_selic,-0.013335530246898847
CXSE3,delta_ipca,0.0930167766571328
CXSE3,var_dolar,-0.5138070366229228
CXSE3,ibc_var,-0.09861421461900276
CYRE3,delta_selic,-0.019854650183722965
CYRE3,delta_ipca,0.02189420409587324
CYRE3,var_dolar,-0.4781925995652996
CYRE3,ibc_var,0.24809742735472334
DASA3,delta_selic,-0.015636787404593382
DASA3,delta_ipca,-0.051202793689802184
DASA3,var_dolar,-0.14486566042611296
DASA3,ibc_var,-0.14191191389729713
DAYC4,delta_selic,-0.028236644015848453
DAYC4,delta_ipca,0.1703315662161204
DAYC4,var_dolar,-0.17949467354568155
DAYC4,ibc_var,-0.02351475568138232
DESK3,delta_selic,-0.33609380199735467
DESK3,delta_ipca,-0.00539258545829814
DESK3,var_dolar,-0.32032210831139674
DESK3,ibc_var,-0.14143769129004555
DEXP3,delta_selic,0.029185693884617885
DEXP3,delta_ipca,0.040601856213832166
DEXP3,var_dolar,-0.17377665727017658
DEXP3,ibc_var,0.14319181152026947
DIRR3,delta_selic,0.017445242012206045
DIRR3,delta_ipca,-0.0064064149871945
DIRR3,var_dolar,-0.44830417707671266
DIRR3,ibc_var,0.3175228777541308
DMVF3,delta_selic,-0.279034439549242
DMVF3,delta_ipca,-0.054787881222983864
DMVF3,var_dolar,-0.3305668600833787
DMVF3,ibc_var,-0.08423521951073883
DOHL4,delta_selic,0.08107735399062715
DOHL4,delta_ipca,-0.03736349571636748
DOHL4,var_dolar,-0.22201875356613407
DOHL4,ibc_var,-0.014806986062665265
DOTZ3,delta_selic,0.03902997701980212
DOTZ3,delta_ipca,-0.23237228820523206
DOTZ3,var_dolar,-0.09602506491007805
DOTZ3,ibc_var,-0.047488222075997476
DTCY3,delta_selic,-0.12863081148161198
DTCY3,delta_ipca,-0.011407906749685334
DTCY3,var_dolar,-0.22999220187640942
DTCY3,ibc_var,-0.12829656404462786
DXCO3,delta_selic,-0.012300352532903104
DXCO3,delta_ipca,-0.03701679567736261
DXCO3,var_dolar,-0.4401895162048124
DXCO3,ibc_var,0.2145868170950172
EALT4,delta_selic,-0.1743704866559086
EALT4,delta_ipca,-0.05025334030425819
EALT4,var_dolar,-0.3268558120209763
EALT4,ibc_var,0.32673073741076636
EBTP4,delta_selic,-0.011557723008540827
EBTP4,delta_ipca,-0.0003967294512914527
EBTP4,var_dolar,-0.066962871370081
EBTP4,ibc_var,-0.3076858315061418
ECOR3,delta_selic,0.013460708958520367
ECOR3,delta_ipca,-0.1064772222210764
ECOR3,var_dolar,-0.4008031266014195
ECOR3,ibc_var,0.18540068731302178
EGIE3,delta_selic,0.021709368786217063
EGIE3,delta_ipca,-0.08276976981825654
EGIE3,var_dolar,-0.3921743787088436
EGIE3,ibc_var,0.17574679777197766
EKTR4,delta_selic,0.20007667859507225
EKTR4,delta_ipca,0.004160625976502751
EKTR4,var_dolar,-0.022394909098983312
EKTR4,ibc_var,0.25381347624725265
ELEK4,delta_selic,-0.08267647171945194
ELEK4,delta_ipca,-0.06743987860417382
ELEK4,var_dolar,0.05628374939415708
ELEK4,ibc_var,-0.02807077477533856
ELMD3,delta_selic,-0.2614935539521573
ELMD3,delta_ipca,-0.14974481190807337
ELMD3,var_dolar,-0.046218212327761174
ELMD3,ibc_var,-0.12788374838732214
ELPL4,delta_selic,0.04090100781784176
ELPL4,delta_ipca,-0.11980413827162956
ELPL4,var_dolar,-0.3160842463600736
ELPL4,ibc_var,-0.13444008867623508
EMAE4,delta_selic,-0.11401430219442073
EMAE4,delta_ipca,0.018475592206926156
EMAE4,var_dolar,-0.15241183463018523
EMAE4,ibc_var,0.051770518376399254
EMBJ3,delta_selic,-0.06129943325134964
EMBJ3,delta_ipca,0.2906638251506275
EMBJ3,var_dolar,-0.22895893053214048
EMBJ3,ibc_var,0.2793261616427972
ENAT3,delta_selic,-0.030025367167375486
ENAT3,delta_ipca,0.0976500665654479
ENAT3,var_dolar,-0.21729908257642933
ENAT3,ibc_var,0.02874213871529801
ENBR3,delta_selic,0.15054350360743785
ENBR3,delta_ipca,0.04744625847978207
ENBR3,var_dolar,-0.2428081802988037
ENBR3,ibc_var,0.0174095536342337
ENEV3,delta_selic,-0.038093431301839405
ENEV3,delta_ipca,-0.06534930351998346
ENEV3,var_dolar,-0.2877242981898165
ENEV3,ibc_var,0.16745738940490498
ENGI11,delta_selic,0.07360885403588935
ENGI11,delta_ipca,-0.08193761010285215
ENGI11,var_dolar,-0.4084102384559341
ENGI11,ibc_var,0.09791208209418237
ENJU3,delta_selic,-0.28609858417389666
ENJU3,delta_ipca,-0.26155551835106466
ENJU3,var_dolar,-0.21170169524024307
ENJU3,ibc_var,-0.04411236847308166
ENMT4,delta_selic,0.197821224798475
ENMT4,delta_ipca,0.19526145649963675
ENMT4,var_dolar,-0.2282918607365058
ENMT4,ibc_var,0.21055571444228827
EPAR4,delta_selic,0.16791630232715662
EPAR4,delta_ipca,-0.011234686478115333
EPAR4,var_dolar,-0.20055878814521003
EPAR4,ibc_var,-0.1887567208335502
EQPA3,delta_selic,0.0633359896361359
EQPA3,delta_ipca,0.007079685188882423
EQPA3,var_dolar,-0.2424275152185066
EQPA3,ibc_var,0.06272148557174598
EQTL3,delta_selic,0.06242519118435516
EQTL3,delta_ipca,-0.038078812016454584
EQTL3,var_dolar,-0.3104436660199078
EQTL3,ibc_var,0.1311738759034457
ESPA3,delta_selic,-0.1277035840576481
ESPA3,delta_ipca,0.056547928290916545
ESPA3,var_dolar,-0.4478779666015627
ESPA3,ibc_var,0.2202205412340671
ESTR4,delta_selic,0.01703652298642474
ESTR4,delta_ipca,-0.002571675488828618
ESTR4,var_dolar,-0.1593803058109124
ESTR4,ibc_var,0.04533251520774933
ETER3,delta_selic,0.05120796424013603
ETER3,delta_ipca,0.007719429107242965
ETER3,var_dolar,-0.3311349586258343
ETER3,ibc_var,0.16112222762062978
EUCA4,delta_selic,1.3647506060488428e-05
EUCA4,delta_ipca,-0.04242035702755764
EUCA4,var_dolar,-0.34048955415710336
EUCA4,ibc_var,0.15953683241209066
EVEN3,delta_selic,-0.004799865993220518
EVEN3,delta_ipca,0.018847432190786256
EVEN3,var_dolar,-0.47367259840431175
EVEN3,ibc_var,0.2835805495050974
EZTC3,delta_selic,0.00316461675970932
EZTC3,delta_ipca,-0.025980422807051762
EZTC3,var_dolar,-0.5119262554659617
EZTC3,ibc_var,0.18240169486216384
FESA4,delta_selic,0.0011340997091480083
FESA4,delta_ipca,-0.13308118046922818
FESA4,var_dolar,-0.09121317348010827
FESA4,ibc_var,-0.09543329525883511
FHER3,delta_selic,0.07089855953760404
FHER3,delta_ipca,-0.015613807984854363
FHER3,var_dolar,-0.18528398797664386
FHER3,ibc_var,0.09593913129430327
FIBR3,delta_selic,-0.1267507078678813
FIBR3,delta_ipca,0.25893570161939966
FIBR3,var_dolar,0.24013570905724888
FIBR3,ibc_var,-0.07861075854138698
FICT3,delta_selic,0.025322209838536155
FICT3,delta_ipca,0.21725692220389828
FICT3,var_dolar,-0.027264210878753546
FICT3,ibc_var,0.039835176728156514
FIEI3,delta_selic,0.10499814046808485
FIEI3,delta_ipca,-0.040431659254160264
FIEI3,var_dolar,-0.10905491809548368
FIEI3,ibc_var,0.15134675338737238
FIQE3,delta_selic,-0.046709327053861646
FIQE3,delta_ipca,-0.11992430257388159
FIQE3,var_dolar,-0.46322359971881427
FIQE3,ibc_var,-0.1492720147040128
FLRY3,delta_selic,0.05336411354582421
FLRY3,delta_ipca,-0.07188993205623788
FLRY3,var_dolar,-0.17238638335383247
FLRY3,ibc_var,0.03433991465975934
FRAS3,delta_selic,-0.07664049444862524
FRAS3,delta_ipca,0.05676729697059993
FRAS3,var_dolar,-0.45190162374919907
FRAS3,ibc_var,0.23897993033774428
FRIO3,delta_selic,-0.1318533024760704
FRIO3,delta_ipca,-0.174675441169486
FRIO3,var_dolar,-0.3451425530695829
FRIO3,ibc_var,-0.031046391625755662
FRTA3,delta_selic,0.0848162610821362
FRTA3,delta_ipca,-0.06361931335661736
FRTA3,var_dolar,-0.2910919222068265
FRTA3,ibc_var,0.1787780002844119
FTRX4,delta_selic,-0.04156094336395457
FTRX4,delta_ipca,0.14738505921426046
FTRX4,var_dolar,-0.18200934045023343
FTRX4,ibc_var,-0.18998220101087443
GEPA4,delta_selic,-0.17663197525306057
GEPA4,delta_ipca,-0.031224169230174834
GEPA4,var_dolar,-0.09244797715977918
GEPA4,ibc_var,-0.013040849882725839
GETI4,delta_selic,0.024617221823403142
GETI4,delta_ipca,0.01562433556701668
GETI4,var_dolar,-0.13896982880656877
GETI4,ibc_var,0.016516864981885475
GFSA3,delta_selic,-0.0018379557927101725
GFSA3,delta_ipca,-0.2393659068947865
GFSA3,var_dolar,-0.29202108710489094
GFSA3,ibc_var,0.10860374503973261
GGBR4,delta_selic,-0.10798783915200448
GGBR4,delta_ipca,-0.029311316110813675
GGBR4,var_dolar,-0.2906542036830858
GGBR4,ibc_var,0.10213104844500587
GGPS3,delta_selic,-0.057086142419228464
GGPS3,delta_ipca,0.004257457239915516
GGPS3,var_dolar,-0.5504812237210589
GGPS3,ibc_var,-0.10340181589709595
GMAT3,delta_selic,-0.052412963015788475
GMAT3,delta_ipca,-0.047753642478632514
GMAT3,var_dolar,-0.2901414075555055
GMAT3,ibc_var,-0.26904531967671347
GNDI3,delta_selic,-0.11317896162297778
GNDI3,delta_ipca,-0.15925846300705013
GNDI3,var_dolar,-0.20236853234387167
GNDI3,ibc_var,0.14313792479729162
GOAU4,delta_selic,-0.11059459088025878
GOAU4,delta_ipca,-0.04886918554697524
GOAU4,var_dolar,-0.3154548298439581
GOAU4,ibc_var,0.1449487113310061
GOLL4,delta_selic,-0.003674057522180714
GOLL4,delta_ipca,-0.06946947817079417
GOLL4,var_dolar,-0.5016332338351026
GOLL4,ibc_var,0.16688601495215283
GRND3,delta_selic,-0.05447915612076217
GRND3,delta_ipca,0.10908089937541428
GRND3,var_dolar,-0.3493307770873779
GRND3,ibc_var,0.23002701076582135
GSHP3,delta_selic,0.06677513228315866
GSHP3,delta_ipca,0.14363353477663712
GSHP3,var_dolar,-0.34653126900639575
GSHP3,ibc_var,0.24702233537104065
HAGA4,delta_selic,0.02299535495125928
HAGA4,delta_ipca,-0.041515371891168044
HAGA4,var_dolar,-0.21108140171688294
HAGA4,ibc_var,-0.051941478598399766
HAPV3,delta_selic,-0.06836917331844324
HAPV3,delta_ipca,-0.025782906031266067
HAPV3,var_dolar,-0.2695984319319239
HAPV3,ibc_var,0.02039300564388625
HBOR3,delta_selic,0.02099458071619708
HBOR3,delta_ipca,0.07626852886525146
HBOR3,var_dolar,-0.4591480626773965
HBOR3,ibc_var,0.22859123959356314
HBRE3,delta_selic,-0.15415064888016836
HBRE3,delta_ipca,-0.1374192674129452
HBRE3,var_dolar,-0.2987799632577051
HBRE3,ibc_var,-0.07938480313046598
HBSA3,delta_selic,-0.15836332083630708
HBSA3,delta_ipca,-0.2526004580580908
HBSA3,var_dolar,-0.14595899588169
HBSA3,ibc_var,-0.03911454541520533
HBTS5,delta_selic,-0.009040711213658926
HBTS5,delta_ipca,-0.05539522390276758
HBTS5,var_dolar,-0.3293634227437704
HBTS5,ibc_var,0.2780178597165969
HETA4,delta_selic,0.09417409436986328
HETA4,delta_ipca,-0.042976500418371706
HETA4,var_dolar,-0.32539929217481056
HETA4,ibc_var,0.2300681780515809
HGTX3,delta_selic,0.1702163171320779
HGTX3,delta_ipca,0.008222787604805349
HGTX3,var_dolar,-0.3612049124007507
HGTX3,ibc_var,0.23391338895650493
HOOT4,delta_selic,-0.06392345998788501
HOOT4,delta_ipca,-0.15125324332049916
HOOT4,var_dolar,-0.2599638507184673
HOOT4,ibc_var,0.06483764382483005
HYPE3,delta_selic,0.12115494709416051
HYPE3,delta_ipca,0.032645801758167524
HYPE3,var_dolar,-0.41177121607312556
HYPE3,ibc_var,0.023545801115550706
IDVL4,delta_selic,-0.05034747805396781
IDVL4,delta_ipca,0.05762953598926872
IDVL4,var_dolar,-0.2735523826472526
IDVL4,ibc_var,0.11060689032250905
IFCM3,delta_selic,0.10854817855930109
IFCM3,delta_ipca,-0.2625082731626102
IFCM3,var_dolar,-0.27440393807247004
IFCM3,ibc_var,-0.07136413396298642
IGBR3,delta_selic,0.14220119805684936
IGBR3,delta_ipca,-0.08967189187158223
IGBR3,var_dolar,-0.14386636771469438
IGBR3,ibc_var,0.06491570995076434
IGTA3,delta_selic,-0.023670032638897963
IGTA3,delta_ipca,0.052766540549801365
IGTA3,var_dolar,-0.49597139814427876
IGTA3,ibc_var,0.19072691403718106
IGTI11,delta_selic,0.09926040628462064
IGTI11,delta_ipca,-0.09977218683001356
IGTI11,var_dolar,-0.36549337425237927
IGTI11,ibc_var,0.03850297716600212
IMBI4,delta_selic,0.049639710928350414
IMBI4,delta_ipca,0.12648988248738266
IMBI4,var_dolar,0.1610202325196204
IMBI4,ibc_var,0.15310629380827018
IMCH3,delta_selic,-0.08139391781016254
IMCH3,delta_ipca,0.09048624541463786
IMCH3,var_dolar,-0.4805016307339606
IMCH3,ibc_var,-0.00017463276124952178
INEP4,delta_selic,-0.03216230464917837
INEP4,delta_ipca,0.02235122576831949
INEP4,var_dolar,-0.18801582805322975
INEP4,ibc_var,-0.037506348900099656
INTB3,delta_selic,0.10606505365320373
INTB3,delta_ipca,-0.017785788980175292
INTB3,var_dolar,-0.2773379800437717
INTB3,ibc_var,-0.0430965590070258
IRBR3,delta_selic,-0.055837356180459645
IRBR3,delta_ipca,-0.1311226101708532
IRBR3,var_dolar,-0.4212973204684214
IRBR3,ibc_var,0.3425464133128902
ISAE4,delta_selic,0.038126976778585286
ISAE4,delta_ipca,0.020538357166841614
ISAE4,var_dolar,-0.23535005562658326
ISAE4,ibc_var,0.04115213300550947
ITSA4,delta_selic,0.010307602649460573
ITSA4,delta_ipca,-0.044965540235022645
ITSA4,var_dolar,-0.5206788542814914
ITSA4,ibc_var,0.1294560848802385
ITUB4,delta_selic,0.04619155614700618
ITUB4,delta_ipca,-0.047318445056395306
ITUB4,var_dolar,-0.5094539894516077
ITUB4,ibc_var,0.1321513793117504
JALL3,delta_selic,0.0014055575445100575
JALL3,delta_ipca,-0.2673554438430328
JALL3,var_dolar,-0.16652232729814756
JALL3,ibc_var,0.12762962756541088
JFEN3,delta_selic,0.04738813395961045
JFEN3,delta_ipca,-0.13843288719977825
JFEN3,var_dolar,-0.37570124885635925
JFEN3,ibc_var,0.17919657377047157
JHSF3,delta_selic,0.008805827070288525
JHSF3,delta_ipca,-0.013298718244063224
JHSF3,var_dolar,-0.4089951039447654
JHSF3,ibc_var,0.19212669356985398
JSLG3,delta_selic,-0.0027238810211298236
JSLG3,delta_ipca,0.03725740323430684
JSLG3,var_dolar,-0.39698536681808483
JSLG3,ibc_var,0.22141677981047295
KEPL3,delta_selic,-0.13914615119677598
KEPL3,delta_ipca,-0.14290778169150464
KEPL3,var_dolar,-0.2912021083576445
KEPL3,ibc_var,0.06032995067816418
KLBN11,delta_selic,-0.04580835562120369
KLBN11,delta_ipca,-0.010417020401344394
KLBN11,var_dolar,0.1438437999091236
KLBN11,ibc_var,0.06622622324649986
KRSA3,delta_selic,-0.09594495740232682
KRSA3,delta_ipca,0.06582557184700816
KRSA3,var_dolar,-0.17262767198110432
KRSA3,ibc_var,0.1725973217635122
LAME4,delta_selic,-0.009644881313328493
LAME4,delta_ipca,-0.054030836898993136
LAME4,var_dolar,-0.34864671530735647
LAME4,ibc_var,-0.02409990306845263
LAND3,delta_selic,0.14964041436072287
LAND3,delta_ipca,0.3626909595800381
LAND3,var_dolar,-0.05502510138583526
LAND3,ibc_var,0.22732491776231187
LAVV3,delta_selic,-0.02368814428430398
LAVV3,delta_ipca,-0.09908582607478679
LAVV3,var_dolar,-0.2983358073958301
LAVV3,ibc_var,-0.18762841495807162
LCAM3,delta_selic,-0.09570810185980765
LCAM3,delta_ipca,0.013530333006763314
LCAM3,var_dolar,-0.338939358195868
LCAM3,ibc_var,0.2259470204922004
LEVE3,delta_selic,-0.023923871936980198
LEVE3,delta_ipca,-0.11890902646715357
LEVE3,var_dolar,-0.11160157673494304
LEVE3,ibc_var,0.043698025095896174
LIGT3,delta_selic,0.07613655254566919
LIGT3,delta_ipca,-0.10382140061310725
LIGT3,var_dolar,-0.3833910982413705
LIGT3,ibc_var,0.11737088721060795
LINX3,delta_selic,-0.061807053197859764
LINX3,delta_ipca,0.06318887591140164
LINX3,var_dolar,-0.32006075973519343
LINX3,ibc_var,0.28084313506454467
LIPR3,delta_selic,-0.5866807580706955
LIPR3,delta_ipca,0.35757761188792686
LIPR3,var_dolar,-0.00792520916083292
LIPR3,ibc_var,-0.0288912792587404
LIXC4,delta_selic,-0.06972948311112875
LIXC4,delta_ipca,-0.11431694292284528
LIXC4,var_dolar,-0.008135366636064829
LIXC4,ibc_var,0.09406686963094553
LJQQ3,delta_selic,0.07640585195891154
LJQQ3,delta_ipca,-0.14501344163496724
LJQQ3,var_dolar,-0.5202624182632481
LJQQ3,ibc_var,0.1987416902103347
LOGG3,delta_selic,-0.06871992662200227
LOGG3,delta_ipca,0.01913700995395618
LOGG3,var_dolar,-0.4999976644578477
LOGG3,ibc_var,0.15681701169018047
LOGN3,delta_selic,0.07606770824679612
LOGN3,delta_ipca,0.0020166008062426
LOGN3,var_dolar,-0.37730161757192915
LOGN3,ibc_var,0.10274411755799465
LPSB3,delta_selic,-0.03421816315927738
LPSB3,delta_ipca,-0.02336733012739691
LPSB3,var_dolar,-0.5069909592141512
LPSB3,ibc_var,0.1899868031476453
LREN3,delta_selic,0.04814012108512639
LREN3,delta_ipca,-0.10337002069375188
LREN3,var_dolar,-0.39817979828817557
LREN3,ibc_var,0.04678812728597758
LUPA3,delta_selic,0.007234775915683783
LUPA3,delta_ipca,-0.05278733876772043
LUPA3,var_dolar,-0.33428090475850514
LUPA3,ibc_var,0.05240206377459053
LUXM4,delta_selic,-0.17023566810852844
LUXM4,delta_ipca,-0.07795801187977418
LUXM4,var_dolar,0.13464262198470453
LUXM4,ibc_var,0.18249241932964674
LWSA3,delta_selic,-0.23186628392698239
LWSA3,delta_ipca,0.009761657825773578
LWSA3,var_dolar,-0.2245715358354621
LWSA3,ibc_var,0.07526744398139354
MAGG3,delta_selic,-0.3524808811497916
MAGG3,delta_ipca,-0.1881512147162265
MAGG3,var_dolar,0.11567859377635487
MAGG3,ibc_var,-0.045583393162547274
MATD3,delta_selic,0.14439096771211096
MATD3,delta_ipca,-0.03293880382123257
MATD3,var_dolar,-0.424773017110731
MATD3,ibc_var,-0.044222866738028284
MBRF3,delta_selic,-0.1050737596504344
MBRF3,delta_ipca,-0.1506643926501075
MBRF3,var_dolar,-0.08252086769936563
MBRF3,ibc_var,-0.09562456779640319
MDIA3,delta_selic,0.08581965460511427
MDIA3,delta_ipca,0.052152186886476624
MDIA3,var_dolar,-0.4004739560262404
MDIA3,ibc_var,0.064502575870674
MDNE3,delta_selic,0.040497159109455096
MDNE3,delta_ipca,0.015601104467513133
MDNE3,var_dolar,-0.4946690922682159
MDNE3,ibc_var,0.3514220379075258
MEAL3,delta_selic,-0.03419925001925597
MEAL3,delta_ipca,-0.0009064621011384429
MEAL3,var_dolar,-0.4718022628361942
MEAL3,ibc_var,0.17181379149095918
MELK3,delta_selic,0.19116126183960158
MELK3,delta_ipca,-0.10420827423131207
MELK3,var_dolar,-0.390556040821751
MELK3,ibc_var,0.16448446142249293
MGEL4,delta_selic,0.014364606751434113
MGEL4,delta_ipca,-0.03381222339517125
MGEL4,var_dolar,-0.3217526970602984
MGEL4,ibc_var,0.014301407153670153
MGLU3,delta_selic,-0.16504409603655126
MGLU3,delta_ipca,-0.08385573914968923
MGLU3,var_dolar,-0.4460579821732598
MGLU3,ibc_var,0.0017146527763856661
MILS3,delta_selic,0.05553994300129717
MILS3,delta_ipca,0.01967076138058083
MILS3,var_dolar,-0.3969696644263573
MILS3,ibc_var,0.1870702288339868
MLAS3,delta_selic,0.02486824018628328
MLAS3,delta_ipca,-0.08589686211931946
MLAS3,var_dolar,-0.33462130998274414
MLAS3,ibc_var,-0.07872740406112438
MMXM3,delta_selic,-0.04833162017804461
MMXM3,delta_ipca,0.0269162250153732
MMXM3,var_dolar,-0.2707250117271581
MMXM3,ibc_var,-0.04656104156162372
MNPR3,delta_selic,0.06455852399980944
MNPR3,delta_ipca,0.00948819947447838
MNPR3,var_dolar,-0.18512730981873127
MNPR3,ibc_var,0.08989500396313664
MOAR3,delta_selic,-0.07974610119970739
MOAR3,delta_ipca,0.34533519292883036
MOAR3,var_dolar,-0.11891929768812026
MOAR3,ibc_var,0.20713548545222013
MOTV3,delta_selic,0.14107196616661927
MOTV3,delta_ipca,-0.002442478241354278
MOTV3,var_dolar,-0.41971353722786786
MOTV3,ibc_var,0.0991242530138518
MOVI3,delta_selic,0.05980728851776207
MOVI3,delta_ipca,-0.09908749567769894
MOVI3,var_dolar,-0.4043750201451205
MOVI3,ibc_var,0.2059108201335908
MPLU3,delta_selic,-0.07762242015496469
MPLU3,delta_ipca,0.08150056021626208
MPLU3,var_dolar,-0.2659854988378008
MPLU3,ibc_var,0.04688871910517944
MRVE3,delta_selic,0.07626234377756337
MRVE3,delta_ipca,-0.13785976833516597
MRVE3,var_dolar,-0.3258552135975917
MRVE3,ibc_var,-0.01479235321493285
MTIG4,delta_selic,-0.13002483893832278
MTIG4,delta_ipca,-0.030374885527119887
MTIG4,var_dolar,-0.19062551720457271
MTIG4,ibc_var,-0.06274500719835747
MTRE3,delta_selic,0.07966349087666938
MTRE3,delta_ipca,-0.03165955984066195
MTRE3,var_dolar,-0.45238762799635224
MTRE3,ibc_var,0.18487877148666568
MTSA4,delta_selic,-0.12992279984501282
MTSA4,delta_ipca,-0.008753474516125912
MTSA4,var_dolar,-0.3589104567134801
MTSA4,ibc_var,0.2911352519501584
MULT3,delta_selic,0.038309958959928635
MULT3,delta_ipca,-0.007717425596146205
MULT3,var_dolar,-0.302435116022807
MULT3,ibc_var,0.12042308147086134
MWET4,delta_selic,-0.022293663765222762
MWET4,delta_ipca,0.05795844905583981
MWET4,var_dolar,-0.27785050604278955
MWET4,ibc_var,0.20714683608706155
MYPK3,delta_selic,0.035291179977283836
MYPK3,delta_ipca,-0.10007807019450836
MYPK3,var_dolar,-0.24682679395235282
MYPK3,ibc_var,0.07826452757572482
NATU3,delta_selic,-0.048028193934335335
NATU3,delta_ipca,-0.082519152573307
NATU3,var_dolar,-0.37731580427768896
NATU3,ibc_var,0.10620123076206009
NEOE3,delta_selic,0.13277494553758173
NEOE3,delta_ipca,0.04517737843720374
NEOE3,var_dolar,-0.5001452820997005
NEOE3,ibc_var,0.20011951666817301
NETC4,delta_selic,-0.1498483294351604
NETC4,delta_ipca,-0.07025619607021129
NETC4,var_dolar,-0.07901686659848409
NETC4,ibc_var,-0.25110820972402165
NEXP3,delta_selic,0.046077157541243065
NEXP3,delta_ipca,0.0066271056373142755
NEXP3,var_dolar,-0.44669534277760375
NEXP3,ibc_var,-0.025614052949877827
NGRD3,delta_selic,-0.15033547969368344
NGRD3,delta_ipca,-0.06899796239124517
NGRD3,var_dolar,-0.12093071504281626
NGRD3,ibc_var,-0.14342127348471276
NORD3,delta_selic,-0.06448792700649213
NORD3,delta_ipca,-0.011154917379547921
NORD3,var_dolar,-0.1432031632230377
NORD3,ibc_var,0.1498337630863809
NTCO3,delta_selic,-0.2530539421611687
NTCO3,delta_ipca,0.0722011088056394
NTCO3,var_dolar,-0.362281966026018
NTCO3,ibc_var,0.0916999435169949
NUTR3,delta_selic,-0.13625530748798254
NUTR3,delta_ipca,-0.21918480855483446
NUTR3,var_dolar,-0.2851241869058999
NUTR3,ibc_var,-0.0875982001653416
ODPV3,delta_selic,0.06159852669210196
ODPV3,delta_ipca,-0.04756561070806605
ODPV3,var_dolar,-0.19368579169421302
ODPV3,ibc_var,0.003019511119449451
OFSA3,delta_selic,-0.007022205882372605
OFSA3,delta_ipca,-0.1372217795877429
OFSA3,var_dolar,-0.3022515851835804
OFSA3,ibc_var,0.2121186401279213
OGXP3,delta_selic,-0.19081146627025208
OGXP3,delta_ipca,-0.08373462831874251
OGXP3,var_dolar,-0.18878339783724143
OGXP3,ibc_var,-0.14093285136328718
OIBR3,delta_selic,-0.18133462452989213
OIBR3,delta_ipca,0.09584322978939007
OIBR3,var_dolar,-0.3079650976614902
OIBR3,ibc_var,0.12101052261644606
OMGE3,delta_selic,-0.3481998595487006
OMGE3,delta_ipca,0.09978538411787051
OMGE3,var_dolar,-0.4996079729774104
OMGE3,ibc_var,0.25913931847440164
ONCO3,delta_selic,0.067056609229524
ONCO3,delta_ipca,0.45493710775597124
ONCO3,var_dolar,-0.5280813329335748
ONCO3,ibc_var,-0.09154773425649458
OPCT3,delta_selic,-0.2708441023584391
OPCT3,delta_ipca,-0.0440912316992316
OPCT3,var_dolar,-0.33371247396568793
OPCT3,ibc_var,0.033965245935242735
ORVR3,delta_selic,0.12512407682070986
ORVR3,delta_ipca,0.12975108743087066
ORVR3,var_dolar,-0.4685988821266204
ORVR3,ibc_var,0.06744727465017536
OSXB3,delta_selic,-0.06770839532358439
OSXB3,delta_ipca,-0.0795142833583486
OSXB3,var_dolar,-0.1881710378504433
OSXB3,ibc_var,0.04875103570938782
PARD3,delta_selic,0.04643781438778472
PARD3,delta_ipca,0.08651272627904524
PARD3,var_dolar,-0.34862135045476034
PARD3,ibc_var,0.22486327904726072
PCAR4,delta_selic,0.0038528468218579372
PCAR4,delta_ipca,-0.05384317583272293
PCAR4,var_dolar,-0.5196866481882235
PCAR4,ibc_var,0.039915086067356255
PDGR3,delta_selic,-0.08327467221166145
PDGR3,delta_ipca,-0.02682143843421343
PDGR3,var_dolar,-0.2445528137751962
PDGR3,ibc_var,0.04564085420246667
PDTC3,delta_selic,-0.22949210689421273
PDTC3,delta_ipca,-0.025363684171208538
PDTC3,var_dolar,-0.13334813941559334
PDTC3,ibc_var,0.06628284527551027
PEAB4,delta_selic,-0.056667247738293985
PEAB4,delta_ipca,0.09309110454931242
PEAB4,var_dolar,-0.076475304015999
PEAB4,ibc_var,-0.10082014665501031
PETR4,delta_selic,0.034683791433587095
PETR4,delta_ipca,-0.09370527400260442
PETR4,var_dolar,-0.5180253000607247
PETR4,ibc_var,0.029700181983154255
PETZ3,delta_selic,0.07670521052556296
PETZ3,delta_ipca,-0.18676033012902837
PETZ3,var_dolar,-0.32240029139370013
PETZ3,ibc_var,0.05692482228578083
PFRM3,delta_selic,-0.06608880601419112
PFRM3,delta_ipca,-0.0152982789169873
PFRM3,var_dolar,-0.31861968311110234
PFRM3,ibc_var,0.044924327515473976
PGMN3,delta_selic,-0.10813662978838422
PGMN3,delta_ipca,-0.0921580985993839
PGMN3,var_dolar,-0.2964314236048922
PGMN3,ibc_var,-0.0018086547304748983
PINE4,delta_selic,-0.043125819701035704
PINE4,delta_ipca,0.08306045728106257
PINE4,var_dolar,-0.28897313222009396
PINE4,ibc_var,0.029276879648238174
PLAS3,delta_selic,0.10875980682402112
PLAS3,delta_ipca,0.06747742191289581
PLAS3,var_dolar,-0.46053456896405875
PLAS3,ibc_var,0.0997805984811538
PLPL3,delta_selic,-0.17877738149234074
PLPL3,delta_ipca,-0.07307890318382863
PLPL3,var_dolar,-0.16451652765058725
PLPL3,ibc_var,-0.1273072503274815
PMAM3,delta_selic,0.0887072596415161
PMAM3,delta_ipca,-0.05256971598317045
PMAM3,var_dolar,-0.29164420206862146
PMAM3,ibc_var,0.16633144635663769
PMET6,delta_selic,0.18506789628699008
PMET6,delta_ipca,0.2654651523776827
PMET6,var_dolar,-0.3476740345086735
PMET6,ibc_var,0.03814526460802995
PNVL3,delta_selic,-0.052251083064440304
PNVL3,delta_ipca,0.05783987917810599
PNVL3,var_dolar,-0.2916712041746599
PNVL3,ibc_var,0.05052820781280306
POMO4,delta_selic,-0.08780144277665522
POMO4,delta_ipca,-0.05545277795973715
POMO4,var_dolar,-0.3638794611046145
POMO4,ibc_var,0.10812185880647353
PORT3,delta_selic,-0.1668729173915674
PORT3,delta_ipca,0.10632299038863545
PORT3,var_dolar,-0.47873939097605156
PORT3,ibc_var,-0.12007264127114008
POSI3,delta_selic,0.10991727483414118
POSI3,delta_ipca,-0.030569210846355936
POSI3,var_dolar,-0.3730109398435594
POSI3,ibc_var,0.059930160666532416
PRBC4,delta_selic,-0.06060120407510384
PRBC4,delta_ipca,-0.09749464655821428
PRBC4,var_dolar,-0.3887858980703105
PRBC4,ibc_var,-0.02193925340130229
PRIO3,delta_selic,-0.11557556922153414
PRIO3,delta_ipca,-0.06207932316408887
PRIO3,var_dolar,-0.4384530045492598
PRIO3,ibc_var,0.130391109425879
PRML3,delta_selic,-0.13613370519123577
PRML3,delta_ipca,-0.07246497162328283
PRML3,var_dolar,-0.13451437402586822
PRML3,ibc_var,-0.041896232385837014
PRNR3,delta_selic,0.08294428633247761
PRNR3,delta_ipca,0.03495604250254483
PRNR3,var_dolar,-0.48222516638122465
PRNR3,ibc_var,0.2719327950394821
PRVI3,delta_selic,-0.17460403759204104
PRVI3,delta_ipca,-0.02289290519112345
PRVI3,var_dolar,0.11848301433162993
PRVI3,ibc_var,0.11952120880198398
PSSA3,delta_selic,0.0877685543978917
PSSA3,delta_ipca,-0.09636107752477614
PSSA3,var_dolar,-0.3031316452006976
PSSA3,ibc_var,0.13051542809039512
PTBL3,delta_selic,-0.036959586779993774
PTBL3,delta_ipca,0.03719444240579284
PTBL3,var_dolar,-0.40392427874621495
PTBL3,ibc_var,0.2082623162451272
PTNT4,delta_selic,-0.12438774981490874
PTNT4,delta_ipca,-0.0037441217511928458
PTNT4,var_dolar,-0.2754359447443102
PTNT4,ibc_var,0.23274757915708366
QUAL3,delta_selic,-0.060869286381172116
QUAL3,delta_ipca,0.05127876135575069
QUAL3,var_dolar,-0.3116467917748401
QUAL3,ibc_var,0.09784328445466572
RADL3,delta_selic,-0.11801575595835406
RADL3,delta_ipca,-0.0865923850565069
RADL3,var_dolar,-0.1664235845964373
RADL3,ibc_var,0.022082733865876423
RAIL3,delta_selic,0.07232791759158247
RAIL3,delta_ipca,0.09292626744537198
RAIL3,var_dolar,-0.17071652725669298
RAIL3,ibc_var,0.01588986126529643
RAIZ4,delta_selic,-0.09309080871255661
RAIZ4,delta_ipca,-0.069773225275747
RAIZ4,var_dolar,-0.39702269107730276
RAIZ4,ibc_var,-0.12314952976338489
RANI3,delta_selic,0.12450199165524257
RANI3,delta_ipca,0.16627758658924097
RANI3,var_dolar,-0.4561460763842775
RANI3,ibc_var,0.31136209186426517
RAPT4,delta_selic,-0.0597510547916653
RAPT4,delta_ipca,-0.08400010371721482
RAPT4,var_dolar,-0.4293378876893199
RAPT4,ibc_var,0.046340467442778824
RCSL3,delta_selic,-0.12426438818589512
RCSL3,delta_ipca,-0.11256082487341879
RCSL3,var_dolar,-0.22527876848799902
RCSL3,ibc_var,0.08003039724116523
RDNI3,delta_selic,0.004052403383044834
RDNI3,delta_ipca,0.0003697348625589625
RDNI3,var_dolar,-0.43939530232425544
RDNI3,ibc_var,0.35643712919394616
RDOR3,delta_selic,-0.05382828957053807
RDOR3,delta_ipca,-0.15384682661953214
RDOR3,var_dolar,-0.32745030287858157
RDOR3,ibc_var,-0.08833264332682998
RDTR3,delta_selic,-0.05302053438926506
RDTR3,delta_ipca,-0.0041936851164183185
RDTR3,var_dolar,-0.24593076043366882
RDTR3,ibc_var,-0.1683655010498794
RECV3,delta_selic,0.16424872321733436
RECV3,delta_ipca,0.10800311622385202
RECV3,var_dolar,-0.27409433112449316
RECV3,ibc_var,-0.06647648644176413
REDE3,delta_selic,-0.18699301692169665
REDE3,delta_ipca,-0.20150048359580078
REDE3,var_dolar,-0.02326391323464523
REDE3,ibc_var,-0.011753270017043665
RENT3,delta_selic,0.004932275881406901
RENT3,delta_ipca,-0.003953430581147187
RENT3,var_dolar,-0.41576950286074515
RENT3,ibc_var,0.1340614927844489
RHDS3,delta_selic,-0.07043795662201124
RHDS3,delta_ipca,0.005324952848942067
RHDS3,var_dolar,-0.26030075174099415
RHDS3,ibc_var,0.029419134332356538
RIAA3,delta_selic,-0.026275170045337803
RIAA3,delta_ipca,-0.07460342547036193
RIAA3,var_dolar,-0.47245603608034015
RIAA3,ibc_var,0.17991612735646667
RJCP3,delta_selic,0.3659601413034767
RJCP3,delta_ipca,-0.17732747133386811
RJCP3,var_dolar,-0.0469646795298861
RJCP3,ibc_var,-0.26527318928276905
RLOG3,delta_selic,-0.19706474176916203
RLOG3,delta_ipca,0.005034609713733862
RLOG3,var_dolar,-0.49791150708239956
RLOG3,ibc_var,0.24290137470649045
RNEW11,delta_selic,0.01457293615859081
RNEW11,delta_ipca,-0.02908842455346034
RNEW11,var_dolar,-0.2100528055314554
RNEW11,ibc_var,0.18716913060200757
ROMI3,delta_selic,-0.1291919751323734
ROMI3,delta_ipca,0.021113117444061035
ROMI3,var_dolar,-0.2314199295246233
ROMI3,ibc_var,0.03254772003460667
RPAD5,delta_selic,-0.3715635500660007
RPAD5,delta_ipca,-0.2932053539153955
RPAD5,var_dolar,0.17364703367765497
RPAD5,ibc_var,-0.18939630147497413
RPMG3,delta_selic,0.04519404171390945
RPMG3,delta_ipca,-0.05877328904818416
RPMG3,var_dolar,-0.22980108587751005
RPMG3,ibc_var,-0.026313016291226274
RSID3,delta_selic,-0.18116491470616222
RSID3,delta_ipca,0.08792608502585636
RSID3,var_dolar,-0.4160206135294489
RSID3,ibc_var,0.181815518017224
RSIP3,delta_selic,-0.04374977916680669
RSIP3,delta_ipca,0.17668206676727788
RSIP3,var_dolar,-0.06966517302493398
RSIP3,ibc_var,-0.060928051624599404
RSUL4,delta_selic,0.2628243027373683
RSUL4,delta_ipca,0.05715507691841142
RSUL4,var_dolar,-0.1257032001788551
RSUL4,ibc_var,0.10033241035108319
SANB11,delta_selic,0.05963122053825827
SANB11,delta_ipca,-0.07281188168243156
SANB11,var_dolar,-0.4910798202060644
SANB11,ibc_var,0.17320531020564128
SAPR11,delta_selic,0.0075757960899883355
SAPR11,delta_ipca,0.13105171575882404
SAPR11,var_dolar,-0.5263448575387663
SAPR11,ibc_var,0.12628972072661182
SBFG3,delta_selic,0.08470169264819286
SBFG3,delta_ipca,-0.18898979397923163
SBFG3,var_dolar,-0.36297220556968185
SBFG3,ibc_var,0.03211905496013266
SBSP3,delta_selic,-0.016289612981501823
SBSP3,delta_ipca,0.09466587025601962
SBSP3,var_dolar,-0.39849442071268604
SBSP3,ibc_var,0.09320399524010409
SCAR3,delta_selic,-0.11558079771121918
SCAR3,delta_ipca,0.071447165747049
SCAR3,var_dolar,-0.3925370386159251
SCAR3,ibc_var,0.08399345118875345
SEDU3,delta_selic,-0.06695222604889685
SEDU3,delta_ipca,0.2581948824290805
SEDU3,var_dolar,0.33142864271989264
SEDU3,ibc_var,0.18965991700412732
SEER3,delta_selic,-0.024555263249394003
SEER3,delta_ipca,-0.1224857223775692
SEER3,var_dolar,-0.3214765221880307
SEER3,ibc_var,0.07789884461164465
SEQL3,delta_selic,-0.0653705603178761
SEQL3,delta_ipca,-0.18369261007443605
SEQL3,var_dolar,-0.3262962238999899
SEQL3,ibc_var,-0.07063928169082645
SFSA4,delta_selic,-0.14232425247212488
SFSA4,delta_ipca,-0.07198745082347596
SFSA4,var_dolar,-0.21131280145773193
SFSA4,ibc_var,0.08754326263531804
SGPS3,delta_selic,-0.12265907298685233
SGPS3,delta_ipca,0.0011940658477964396
SGPS3,var_dolar,-0.35528719699707206
SGPS3,ibc_var,0.06757293772585529
SHOW3,delta_selic,0.06554401262012985
SHOW3,delta_ipca,0.018163993996929174
SHOW3,var_dolar,-0.4736211434724072
SHOW3,ibc_var,0.21950302287993964
SHUL4,delta_selic,0.022712948999878545
SHUL4,delta_ipca,-0.1639984301263267
SHUL4,var_dolar,-0.3323195817663079
SHUL4,ibc_var,0.17829216048932275
SIMH3,delta_selic,0.14121117924372556
SIMH3,delta_ipca,-0.17848466985434824
SIMH3,var_dolar,-0.31523701344615085
SIMH3,ibc_var,0.0958095719016463
SLCE3,delta_selic,-0.03956363539070943
SLCE3,delta_ipca,0.14007377442030822
SLCE3,var_dolar,0.07000132108921872
SLCE3,ibc_var,-0.10421543744501231
SLED4,delta_selic,0.037000501809423596
SLED4,delta_ipca,0.08082318644257637
SLED4,var_dolar,-0.25633240001317537
SLED4,ibc_var,0.14122564805783444
SMFT3,delta_selic,-0.03861390669597016
SMFT3,delta_ipca,0.024319104223809694
SMFT3,var_dolar,-0.6012552720038982
SMFT3,ibc_var,-0.02643577511852737
SMLE3,delta_selic,0.023826367692605113
SMLE3,delta_ipca,-0.21434339377432143
SMLE3,var_dolar,-0.6323140977509346
SMLE3,ibc_var,-0.09423535265291426
SMLS3,delta_selic,0.17458341297795663
SMLS3,delta_ipca,0.09354622638317034
SMLS3,var_dolar,-0.4206067858569134
SMLS3,ibc_var,0.3571623686660003
SMTO3,delta_selic,0.05273489533717389
SMTO3,delta_ipca,0.0468848842453763
SMTO3,var_dolar,-0.2609533416389792
SMTO3,ibc_var,0.0735499329917166
SNSY5,delta_selic,-0.09405192617368577
SNSY5,delta_ipca,0.1286492517785472
SNSY5,var_dolar,-0.19653172325375498
SNSY5,ibc_var,0.2615469092583379
SOJA3,delta_selic,-0.14596653829614414
SOJA3,delta_ipca,-0.04230558421672002
SOJA3,var_dolar,-0.07429147867563002
SOJA3,ibc_var,0.2365311482272887
SOMA3,delta_selic,0.29122999111152775
SOMA3,delta_ipca,0.08573305874756863
SOMA3,var_dolar,-0.5958306522720244
SOMA3,ibc_var,-0.24284349539297279
SPRI3,delta_selic,-0.1602744288704048
SPRI3,delta_ipca,-0.16718079539501407
SPRI3,var_dolar,-0.05119681793014738
SPRI3,ibc_var,-0.4047941684692328
SQIA3,delta_selic,-0.222966246791547
SQIA3,delta_ipca,0.04486699024593253
SQIA3,var_dolar,-0.3053536977443137
SQIA3,ibc_var,-0.07061107598505864
SRNA3,delta_selic,0.41166715336270543
SRNA3,delta_ipca,0.15752330591567051
SRNA3,var_dolar,-0.4500882605038346
SRNA3,ibc_var,0.2532263465143559
STBP3,delta_selic,0.13986440939074812
STBP3,delta_ipca,0.14731783159783002
STBP3,var_dolar,-0.5601204960838128
STBP3,ibc_var,0.19788346828024173
SULT4,delta_selic,-0.055305291644442624
SULT4,delta_ipca,0.12149668225986919
SULT4,var_dolar,-0.1365561147882436
SULT4,ibc_var,0.31917863262114454
SUZB3,delta_selic,-0.06757632451152061
SUZB3,delta_ipca,-0.06467189195290522
SUZB3,var_dolar,0.18837464416868255
SUZB3,ibc_var,-0.012666079696226405
SYNE3,delta_selic,-0.10592858589533993
SYNE3,delta_ipca,0.1516184015257206
SYNE3,var_dolar,-0.29958329005900713
SYNE3,ibc_var,0.20433605342937508
TAEE11,delta_selic,0.050184709463350005
TAEE11,delta_ipca,-0.029268994658722628
TAEE11,var_dolar,-0.23891688472373412
TAEE11,ibc_var,-0.010026234506165068
TASA4,delta_selic,-0.08425583630512941
TASA4,delta_ipca,0.10801740630242966
TASA4,var_dolar,-0.29407245372418345
TASA4,ibc_var,0.15038724429250572
TCNO4,delta_selic,0.06934448555942932
TCNO4,delta_ipca,-0.05502208067844956
TCNO4,var_dolar,-0.2411861094746493
TCNO4,ibc_var,0.012877105488992865
TCSA3,delta_selic,0.02524842094622019
TCSA3,delta_ipca,-0.01590350071900325
TCSA3,var_dolar,-0.4401877803402206
TCSA3,ibc_var,0.2008077714458062
TECN3,delta_selic,0.16371399373172513
TECN3,delta_ipca,0.07825533794370158
TECN3,var_dolar,-0.49199032474376525
TECN3,ibc_var,0.20961530187388203
TEKA4,delta_selic,-0.051035748015878096
TEKA4,delta_ipca,0.025515483862345072
TEKA4,var_dolar,-0.28239636227425957
TEKA4,ibc_var,0.16725654754923502
TELB4,delta_selic,-0.11165954593528285
TELB4,delta_ipca,0.08848271784216849
TELB4,var_dolar,-0.17417388631593578
TELB4,ibc_var,-0.030962882394086323
TEMP3,delta_selic,0.02094893099220027
TEMP3,delta_ipca,0.11221255254384685
TEMP3,var_dolar,-0.25335388165538003
TEMP3,ibc_var,-0.27103007043805655
TEND3,delta_selic,-0.13732452547452043
TEND3,delta_ipca,-0.08596249641738017
TEND3,var_dolar,-0.2482163238602239
TEND3,ibc_var,0.136685423323902
TERI3,delta_selic,-0.23646575751742552
TERI3,delta_ipca,0.20033369516814975
TERI3,var_dolar,-0.14438625791929652
TERI3,ibc_var,-0.10366524105282392
TESA3,delta_selic,0.12567154517273257
TESA3,delta_ipca,0.20329696998550087
TESA3,var_dolar,-0.5774250812941493
TESA3,ibc_var,0.3836755078352051
TFCO4,delta_selic,-0.06470996740174428
TFCO4,delta_ipca,0.010980360951551296
TFCO4,var_dolar,-0.5469088216727404
TFCO4,ibc_var,0.09398475424730891
TGMA3,delta_selic,-0.11591134571387869
TGMA3,delta_ipca,-0.01301562059244589
TGMA3,var_dolar,-0.5577492986700299
TGMA3,ibc_var,0.26840809878927435
TIET11,delta_selic,0.22772309630459453
TIET11,delta_ipca,0.07257352410681371
TIET11,var_dolar,-0.5169415342739694
TIET11,ibc_var,0.11978277177430927
TIMS3,delta_selic,0.159223611135065
TIMS3,delta_ipca,0.0023736470910683434
TIMS3,var_dolar,-0.3843914153406805
TIMS3,ibc_var,0.18790912120158734
TOKY3,delta_selic,-0.2785222894249849
TOKY3,delta_ipca,0.027566727684138963
TOKY3,var_dolar,-0.18871942877841713
TOKY3,ibc_var,-0.14506126883807383
TOTS3,delta_selic,-0.04014484597589757
TOTS3,delta_ipca,0.06773024340318781
TOTS3,var_dolar,-0.2450147490169491
TOTS3,ibc_var,0.15927771051881195
TOYB4,delta_selic,-0.13349093362437742
TOYB4,delta_ipca,0.00610968296604659
TOYB4,var_dolar,-0.23807201641170928
TOYB4,ibc_var,-0.07034539288386879
TPIS3,delta_selic,-0.0010501096837372999
TPIS3,delta_ipca,-0.1338997969251798
TPIS3,var_dolar,-0.29512108074689625
TPIS3,ibc_var,0.10471983564152358
TRAD3,delta_selic,0.01765210584327822
TRAD3,delta_ipca,-0.25047997935131444
TRAD3,var_dolar,0.06725269938473588
TRAD3,ibc_var,0.15596562631810088
TRIS3,delta_selic,-0.003860362284899585
TRIS3,delta_ipca,0.022727730019917066
TRIS3,var_dolar,-0.351305199456716
TRIS3,ibc_var,0.20527671477924525
TRPN3,delta_selic,0.25255201167849645
TRPN3,delta_ipca,0.22563357662083966
TRPN3,var_dolar,-0.09246530029432447
TRPN3,ibc_var,0.1647755537820834
TTEN3,delta_selic,-0.14175798777900775
TTEN3,delta_ipca,-0.041788043508853255
TTEN3,var_dolar,-0.23493070952475648
TTEN3,ibc_var,0.13181956936534941
TUPY3,delta_selic,-0.07585807107433522
TUPY3,delta_ipca,-0.038471495028461186
TUPY3,var_dolar,-0.07400851239856694
TUPY3,ibc_var,0.24722132391455734
TXRX4,delta_selic,-0.12060818801622283
TXRX4,delta_ipca,0.030028356095647805
TXRX4,var_dolar,-0.30019312138605997
TXRX4,ibc_var,0.2154556554071402
UCAS3,delta_selic,0.010375985143782337
UCAS3,delta_ipca,-0.12221336561808231
UCAS3,var_dolar,-0.3161148644611921
UCAS3,ibc_var,0.11060994979427194
UGPA3,delta_selic,-0.009910515513035973
UGPA3,delta_ipca,0.014098485932170841
UGPA3,var_dolar,-0.21753036841883114
UGPA3,ibc_var,0.05451043568162989
UNIP6,delta_selic,-0.01684991569640763
UNIP6,delta_ipca,-0.020627642011377175
UNIP6,var_dolar,-0.28882713234225604
UNIP6,ibc_var,0.013240813216445942
USIM5,delta_selic,-0.14167748088215304
USIM5,delta_ipca,-0.12440830174721045
USIM5,var_dolar,-0.3535700826915126
USIM5,ibc_var,0.1279028554979734
VALE3,delta_selic,-0.1575471037058627
VALE3,delta_ipca,-0.12890774480225667
VALE3,var_dolar,-0.2133800323620217
VALE3,ibc_var,0.023077128370066965
VAMO3,delta_selic,0.08344686306179801
VAMO3,delta_ipca,-0.1738750006313425
VAMO3,var_dolar,-0.22236904902143848
VAMO3,ibc_var,0.05550849564214745
VBBR3,delta_selic,-0.044883209750890926
VBBR3,delta_ipca,-0.07180731524721293
VBBR3,var_dolar,-0.4024147098298477
VBBR3,ibc_var,0.05065299999509139
VITT3,delta_selic,0.33673988562235385
VITT3,delta_ipca,-0.1196743948863309
VITT3,var_dolar,-0.2783215127954376
VITT3,ibc_var,0.02876692931411227
VIVA3,delta_selic,0.036211979495601676
VIVA3,delta_ipca,-0.19934595989007822
VIVA3,var_dolar,-0.44906910986386367
VIVA3,ibc_var,0.2215158822778386
VIVR3,delta_selic,0.002499900628098382
VIVR3,delta_ipca,0.11513274998385228
VIVR3,var_dolar,-0.43110804193215335
VIVR3,ibc_var,0.06365063453140438
VIVT4,delta_selic,0.03707382928014189
VIVT4,delta_ipca,-0.019362355579938324
VIVT4,var_dolar,-0.5603154590861641
VIVT4,ibc_var,0.1604637807114439
VLID3,delta_selic,0.14750290354658505
VLID3,delta_ipca,0.030287740303375353
VLID3,var_dolar,-0.2613151523786704
VLID3,ibc_var,0.1051591814923559
VSTE3,delta_selic,-0.042366193496879735
VSTE3,delta_ipca,0.05706683571947654
VSTE3,var_dolar,-0.3084156085318243
VSTE3,ibc_var,0.26003558479603606
VULC3,delta_selic,0.1252525480097053
VULC3,delta_ipca,0.08018737163497597
VULC3,var_dolar,-0.32113757534358023
VULC3,ibc_var,0.2051410600181343
VVEO3,delta_selic,-0.012109182888242843
VVEO3,delta_ipca,-0.01849123066900295
VVEO3,var_dolar,-0.09376216950200533
VVEO3,ibc_var,-0.17317365971084417
WDCN3,delta_selic,0.02017172264196519
WDCN3,delta_ipca,-0.16292669466722542
WDCN3,var_dolar,-0.3226225099049152
WDCN3,ibc_var,0.0488465158618169
WEGE3,delta_selic,-0.21772311051150808
WEGE3,delta_ipca,0.18324915858886529
WEGE3,var_dolar,-0.11184192918574458
WEGE3,ibc_var,0.11886066571176379
WEST3,delta_selic,-0.05690331145234905
WEST3,delta_ipca,-0.1734644914821778
WEST3,var_dolar,-0.2631367926489541
WEST3,ibc_var,0.17569871613876353
WHRL4,delta_selic,-0.13476120989734364
WHRL4,delta_ipca,0.04799077199052838
WHRL4,var_dolar,-0.18928454420625865
WHRL4,ibc_var,0.16661940691275187
WIZC3,delta_selic,0.30835588437890354
WIZC3,delta_ipca,-0.07474904172329613
WIZC3,var_dolar,-0.38804300116632545
WIZC3,ibc_var,0.12169246982953216
WLMM4,delta_selic,-0.07430613672756281
WLMM4,delta_ipca,-0.0033116001691471243
WLMM4,var_dolar,-0.21076008498678778
WLMM4,ibc_var,0.2265943679073868
YDUQ3,delta_selic,-0.015742566831046148
YDUQ3,delta_ipca,-0.06810051572168177
YDUQ3,var_dolar,-0.27081323879542973
YDUQ3,ibc_var,0.08827406837798422
ZAMP3,delta_selic,0.17942765432865637
ZAMP3,delta_ipca,-0.08531464068836384
ZAMP3,var_dolar,-0.3418803133344981
ZAMP3,ibc_var,0.12872415255603137
