variavel,melhor_lag,correlacao,ticker
delta_ipca,5,-0.05570302357859485,AALR3
delta_selic,0,0.18371574111546926,AALR3
ibc_var,0,0.19551891467835145,AALR3
var_dolar,0,-0.27760825879661266,AALR3
delta_ipca,6,0.07567246205826186,ABCB4
delta_selic,2,0.11945498749110608,ABCB4
ibc_var,4,0.13736435069808917,ABCB4
var_dolar,0,-0.556967783254931,ABCB4
delta_ipca,0,0.1363274671829056,ABEV3
delta_selic,4,-0.13462251158483585,ABEV3
ibc_var,3,0.2213074016824137,ABEV3
var_dolar,0,-0.3115277719172348,ABEV3
delta_ipca,2,-0.46260217562293393,ADHM3
delta_selic,2,0.15595331999156006,ADHM3
ibc_var,1,-0.3791735655847298,ADHM3
var_dolar,1,0.34560946323840297,ADHM3
delta_ipca,4,0.3371786390704053,AEDU3
delta_selic,3,-0.38190085998891754,AEDU3
ibc_var,0,-0.24985743629127996,AEDU3
var_dolar,2,-0.3441919302875181,AEDU3
delta_ipca,0,-0.19786352715545588,AELP3
delta_selic,0,0.2505678962422734,AELP3
ibc_var,1,-0.1614167649820909,AELP3
var_dolar,2,0.3714549188333954,AELP3
delta_ipca,0,-0.2636383803581749,AERI3
delta_selic,4,0.21587164130702852,AERI3
ibc_var,1,-0.19187349796358674,AERI3
var_dolar,6,0.3021214961888841,AERI3
delta_ipca,1,0.2702622551683048,AFLT3
delta_selic,0,-0.07251296614437432,AFLT3
ibc_var,0,0.2222890955448642,AFLT3
var_dolar,2,0.24279627340336177,AFLT3
delta_ipca,2,-0.16246548273451245,AGRO3
delta_selic,6,-0.2004856231941522,AGRO3
ibc_var,3,0.2846721800413152,AGRO3
var_dolar,2,0.21042514632444784,AGRO3
delta_ipca,0,-0.3146493458489746,AGXY3
delta_selic,3,0.38505465512024367,AGXY3
ibc_var,4,-0.15196422004136628,AGXY3
var_dolar,2,0.19470597303982048,AGXY3
delta_ipca,0,-0.24113533372585277,ALLD3
delta_selic,4,-0.2598522388741516,ALLD3
ibc_var,2,0.3848179301545609,ALLD3
var_dolar,0,-0.3840148831966747,ALLD3
delta_ipca,5,0.08888993055064705,ALOS3
delta_selic,4,-0.07543134596274026,ALOS3
ibc_var,0,0.21426262650904826,ALOS3
var_dolar,0,-0.4492202953756923,ALOS3
delta_ipca,3,-0.207738834491217,ALPA4
delta_selic,4,-0.1922023678264298,ALPA4
ibc_var,1,-0.14241309972357324,ALPA4
var_dolar,0,-0.2091902250532491,ALPA4
delta_ipca,6,0.20044482975750186,ALPK3
delta_selic,4,-0.26599986965304506,ALPK3
ibc_var,3,0.24551810212060954,ALPK3
var_dolar,0,-0.2245208539382126,ALPK3
delta_ipca,5,-0.08529361268022907,ALSC3
delta_selic,2,-0.11396492448129546,ALSC3
ibc_var,3,0.20298935802165816,ALSC3
var_dolar,0,-0.46380457977933426,ALSC3
delta_ipca,4,-0.22001930055008556,ALUP11
delta_selic,0,0.10299572363965463,ALUP11
ibc_var,3,0.17402889452988607,ALUP11
var_dolar,0,-0.367511301940932,ALUP11
delta_ipca,1,0.1287624417404102,AMAR3
delta_selic,6,-0.19332118028492357,AMAR3
ibc_var,4,0.1135569210005789,AMAR3
var_dolar,0,-0.4170323366890239,AMAR3
delta_ipca,6,-0.4400910436511651,AMBP3
delta_selic,6,-0.3918773703623745,AMBP3
ibc_var,2,0.16699027664376204,AMBP3
var_dolar,6,0.3197898439101169,AMBP3
delta_ipca,1,-0.44652143803740363,AMBV4
delta_selic,4,-0.229670202789476,AMBV4
ibc_var,5,0.5471665940924328,AMBV4
var_dolar,5,0.15959941286643678,AMBV4
delta_ipca,2,-0.3177503233484685,AMER3
delta_selic,6,-0.2245940314900758,AMER3
ibc_var,6,0.0966638950393028,AMER3
var_dolar,0,-0.16718039479307883,AMER3
delta_ipca,4,0.5524927944915133,AMIL3
delta_selic,4,-0.5277404405937769,AMIL3
ibc_var,6,-0.6017486916808068,AMIL3
var_dolar,5,-0.38603366974766323,AMIL3
delta_ipca,0,-0.149774735701243,ANIM3
delta_selic,4,-0.12448819841324377,ANIM3
ibc_var,4,0.16163310392704203,ANIM3
var_dolar,0,-0.3888402934348772,ANIM3
delta_ipca,0,0.10893807686485622,APER3
delta_selic,0,-0.12155664974674708,APER3
ibc_var,1,-0.21871029275071024,APER3
var_dolar,0,-0.432688533121189,APER3
delta_ipca,1,-0.22747835292800583,ARML3
delta_selic,2,0.2561107873898404,ARML3
ibc_var,4,-0.39977245922923327,ARML3
var_dolar,6,0.3747692331618469,ARML3
delta_ipca,6,-0.3408293651632978,ARND3
delta_selic,6,-0.42772602743020266,ARND3
ibc_var,3,0.28561746471625254,ARND3
var_dolar,6,0.35960092113928743,ARND3
delta_ipca,3,0.2287868195360607,ARTR3
delta_selic,0,-0.22411007242458672,ARTR3
ibc_var,5,-0.39422592357570346,ARTR3
var_dolar,0,-0.33060654425065494,ARTR3
delta_ipca,3,0.34474702324724354,ASAI3
delta_selic,2,0.23638967121569135,ASAI3
ibc_var,3,0.4426431775718887,ASAI3
var_dolar,0,-0.40004044971811753,ASAI3
delta_ipca,1,-0.33234042903151917,AURE3
delta_selic,6,0.29804256250392575,AURE3
ibc_var,5,-0.17560481398402872,AURE3
var_dolar,1,0.2837773000857803,AURE3
delta_ipca,1,0.2958250517343911,AUTM3
delta_selic,1,-0.33092902247812167,AUTM3
ibc_var,5,-0.23370787597769196,AUTM3
var_dolar,4,-0.3966502848207113,AUTM3
delta_ipca,3,-0.3834126188921618,AVLL3
delta_selic,5,-0.2305532884658248,AVLL3
ibc_var,1,-0.13748588300915762,AVLL3
var_dolar,4,-0.29307266102484375,AVLL3
delta_ipca,4,-0.15481216576362608,AXIA3
delta_selic,1,0.13919500825959313,AXIA3
ibc_var,2,-0.18723085607103665,AXIA3
var_dolar,0,-0.44236535687559986,AXIA3
delta_ipca,5,0.18010568616414593,AZEV4
delta_selic,6,-0.23596204519397698,AZEV4
ibc_var,1,-0.20518333188099144,AZEV4
var_dolar,0,-0.4123970512580875,AZEV4
delta_ipca,2,-0.2007708492111146,AZUL4
delta_selic,4,-0.20002800428955617,AZUL4
ibc_var,5,-0.2336349514241858,AZUL4
var_dolar,0,-0.47951517907538505,AZUL4
delta_ipca,4,-0.08341922668608984,AZZA3
delta_selic,3,-0.1299013209687225,AZZA3
ibc_var,1,-0.14450196694944056,AZZA3
var_dolar,0,-0.40390802296170414,AZZA3
delta_ipca,4,-0.280348587715383,B3SA3
delta_selic,1,0.09018938504154982,B3SA3
ibc_var,2,-0.2262703274853066,B3SA3
var_dolar,0,-0.4307779780618669,B3SA3
delta_ipca,4,-0.16387485576674116,BALM4
delta_selic,3,-0.3772386833239923,BALM4
ibc_var,0,0.31797568893833106,BALM4
var_dolar,0,-0.4512150322399135,BALM4
delta_ipca,1,0.1470457040006483,BAUH4
delta_selic,5,-0.18594799695367023,BAUH4
ibc_var,6,0.16458575007157186,BAUH4
var_dolar,5,0.2600850267179754,BAUH4
delta_ipca,3,0.1942522492713137,BAZA3
delta_selic,5,0.20196018320542952,BAZA3
ibc_var,1,-0.1679142610341566,BAZA3
var_dolar,0,-0.28671720578956134,BAZA3
delta_ipca,0,-0.07205241843319848,BBAS3
delta_selic,0,0.08905201453318724,BBAS3
ibc_var,0,0.10827980210901639,BBAS3
var_dolar,0,-0.5739535164388235,BBAS3
delta_ipca,5,0.11703258683866416,BBDC4
delta_selic,2,0.08304450930972634,BBDC4
ibc_var,6,-0.18516499628565217,BBDC4
var_dolar,0,-0.51469050151375,BBDC4
delta_ipca,6,-0.10612712686970598,BBSE3
delta_selic,1,0.13174915369744092,BBSE3
ibc_var,4,0.20219248802675166,BBSE3
var_dolar,0,-0.4782032513273361,BBSE3
delta_ipca,1,0.2032852092820212,BDLL4
delta_selic,3,0.16976443708733818,BDLL4
ibc_var,0,0.3714029415154181,BDLL4
var_dolar,0,-0.44670380048907227,BDLL4
delta_ipca,4,-0.16288194292769492,BEEF3
delta_selic,2,0.10771275651540725,BEEF3
ibc_var,1,-0.19960720756019276,BEEF3
var_dolar,0,-0.11375396414820031,BEEF3
delta_ipca,1,-0.10828863419482726,BEES3
delta_selic,3,0.08616224362987729,BEES3
ibc_var,1,-0.1582707911476426,BEES3
var_dolar,0,-0.39889378567612693,BEES3
delta_ipca,3,0.09518419794964242,BEMA3
delta_selic,6,-0.42174479728788844,BEMA3
ibc_var,6,0.21942217554663804,BEMA3
var_dolar,5,0.2880510704336723,BEMA3
delta_ipca,0,0.11813452167930064,BGIP4
delta_selic,3,-0.13099474752787837,BGIP4
ibc_var,0,0.39467883052211883,BGIP4
var_dolar,0,-0.5270692296571877,BGIP4
delta_ipca,0,0.23868181784867712,BHGR3
delta_selic,4,-0.22707837742300516,BHGR3
ibc_var,5,-0.2813310161247681,BHGR3
var_dolar,2,0.35475819016805193,BHGR3
delta_ipca,1,0.30286879949392526,BHIA3
delta_selic,4,-0.18257653543524438,BHIA3
ibc_var,1,-0.12310060303730438,BHIA3
var_dolar,0,-0.35943273743705423,BHIA3
delta_ipca,5,-0.32104629913680055,BICB4
delta_selic,0,0.2702035444719972,BICB4
ibc_var,5,-0.23458836855286272,BICB4
var_dolar,5,-0.3145215977204287,BICB4
delta_ipca,4,-0.2150683304934831,BIED3
delta_selic,4,0.1482142444464436,BIED3
ibc_var,2,-0.43962761791576926,BIED3
var_dolar,3,0.1934010096758863,BIED3
delta_ipca,5,0.19531814882083662,BIOM3
delta_selic,4,-0.24509370490853843,BIOM3
ibc_var,3,0.0870354217027063,BIOM3
var_dolar,0,-0.1303503811102321,BIOM3
delta_ipca,6,-0.2940111081942674,BISA3
delta_selic,6,0.2946653709774879,BISA3
ibc_var,0,-0.3538359359932487,BISA3
var_dolar,0,-0.27812782397108277,BISA3
delta_ipca,5,0.3400354274997943,BLAU3
delta_selic,1,0.2842664317574872,BLAU3
ibc_var,1,-0.22059826338962596,BLAU3
var_dolar,6,0.35231607196718423,BLAU3
delta_ipca,2,0.19787245046347385,BLUT4
delta_selic,2,0.11315236738183977,BLUT4
ibc_var,5,0.15000784041466741,BLUT4
var_dolar,0,-0.21388551808306136,BLUT4
delta_ipca,0,0.09995458633057368,BMEB4
delta_selic,4,-0.22639933282323296,BMEB4
ibc_var,0,0.2393140387087075,BMEB4
var_dolar,0,-0.1868826082110233,BMEB4
delta_ipca,2,-0.12375221129495768,BMGB4
delta_selic,4,-0.24421707279007918,BMGB4
ibc_var,1,-0.3487489923502178,BMGB4
var_dolar,0,-0.3984024193473384,BMGB4
delta_ipca,1,-0.14936198167008202,BMIN4
delta_selic,3,0.19819870944789217,BMIN4
ibc_var,6,-0.06293676912980636,BMIN4
var_dolar,0,-0.3100833927076231,BMIN4
delta_ipca,1,0.10912573754102653,BMKS3
delta_selic,2,0.15450633338947,BMKS3
ibc_var,0,0.27970893159814547,BMKS3
var_dolar,0,-0.21250841654641214,BMKS3
delta_ipca,2,0.21667055390122297,BMOB3
delta_selic,2,0.23247712534657605,BMOB3
ibc_var,0,0.34663760530912413,BMOB3
var_dolar,0,-0.384941107273434,BMOB3
delta_ipca,6,0.2702415880070003,BMTO4
delta_selic,3,-0.260263885143559,BMTO4
ibc_var,4,0.21232187357764545,BMTO4
var_dolar,0,-0.24562032609494647,BMTO4
delta_ipca,1,-0.14291836189671725,BNBR3
delta_selic,6,-0.31849310986076496,BNBR3
ibc_var,4,0.20720145150748948,BNBR3
var_dolar,0,-0.1971204856852341,BNBR3
delta_ipca,2,-0.1579754201631604,BOBR4
delta_selic,4,-0.2318980011738067,BOBR4
ibc_var,1,-0.20439611056137946,BOBR4
var_dolar,0,-0.30588030038122205,BOBR4
delta_ipca,4,-0.252599544327359,BPAC11
delta_selic,4,-0.1414128145599878,BPAC11
ibc_var,2,-0.3506983583676184,BPAC11
var_dolar,0,-0.4764321564211658,BPAC11
delta_ipca,6,0.21121450934589595,BPAN4
delta_selic,4,-0.14246695773900456,BPAN4
ibc_var,0,0.30997074900773286,BPAN4
var_dolar,0,-0.4558482569289916,BPAN4
delta_ipca,2,0.23281627302961191,BPHA3
delta_selic,2,-0.09820962767672672,BPHA3
ibc_var,2,-0.20166371378957268,BPHA3
var_dolar,0,-0.30424600321724493,BPHA3
delta_ipca,1,0.21185342984707994,BRAP4
delta_selic,0,-0.15616461444502705,BRAP4
ibc_var,5,-0.16765448211363457,BRAP4
var_dolar,0,-0.32224705572872236,BRAP4
delta_ipca,6,-0.28931499019675444,BRAV3
delta_selic,2,0.19298738918636885,BRAV3
ibc_var,1,-0.2847158020232337,BRAV3
var_dolar,1,-0.26853313419720826,BRAV3
delta_ipca,4,-0.2620973315726022,BRBI11
delta_selic,6,-0.17607056685925657,BRBI11
ibc_var,6,-0.35374102138886515,BRBI11
var_dolar,0,-0.5323693021196657,BRBI11
delta_ipca,5,0.1504043881563012,BRFS3
delta_selic,4,-0.08571242649282439,BRFS3
ibc_var,6,-0.17674316685739405,BRFS3
var_dolar,4,-0.1548814690507222,BRFS3
delta_ipca,0,0.4227854883057561,BRIT3
delta_selic,0,-0.4137272309439237,BRIT3
ibc_var,5,0.40866816154095575,BRIT3
var_dolar,0,-0.4880377742665758,BRIT3
delta_ipca,3,0.12882556967169728,BRIV4
delta_selic,3,0.11381547789234774,BRIV4
ibc_var,6,0.2713400185171673,BRIV4
var_dolar,2,0.19328228409968065,BRIV4
delta_ipca,0,-0.17398887945430128,BRKM5
delta_selic,5,-0.21882480045889138,BRKM5
ibc_var,6,-0.10807376220431818,BRKM5
var_dolar,0,-0.0952096263348983,BRKM5
delta_ipca,0,0.10379486599838385,BRML3
delta_selic,2,0.08293928739758832,BRML3
ibc_var,6,-0.21469180661393253,BRML3
var_dolar,0,-0.4627590135225397,BRML3
delta_ipca,6,0.24683992877445987,BRPR3
delta_selic,5,-0.0792642691581859,BRPR3
ibc_var,0,0.3110519769288056,BRPR3
var_dolar,0,-0.2796921123090104,BRPR3
delta_ipca,2,-0.092823445954115,BRSR6
delta_selic,3,0.047436681264146366,BRSR6
ibc_var,3,0.12691691693713655,BRSR6
var_dolar,0,-0.6205028251207115,BRSR6
delta_ipca,1,0.31997036389216776,BSEV3
delta_selic,3,0.14848694877021643,BSEV3
ibc_var,0,0.30078835720405284,BSEV3
var_dolar,0,-0.40437393546869405,BSEV3
delta_ipca,1,0.5437835119519782,BSLI3
delta_selic,6,-0.21970310425614734,BSLI3
ibc_var,1,0.13996978131660182,BSLI3
var_dolar,1,-0.229823851406356,BSLI3
delta_ipca,1,0.22700979291110543,CAMB3
delta_selic,4,-0.05812231808047932,CAMB3
ibc_var,0,0.5639182031707102,CAMB3
var_dolar,0,-0.5757722527811854,CAMB3
delta_ipca,4,-0.2789097873850259,CAML3
delta_selic,0,-0.13331099192355927,CAML3
ibc_var,2,-0.2084092038693589,CAML3
var_dolar,1,0.08523847485065289,CAML3
delta_ipca,6,0.17738060826178614,CASH3
delta_selic,4,-0.2885343597296956,CASH3
ibc_var,4,0.11694988290652945,CASH3
var_dolar,0,-0.3488717732214697,CASH3
delta_ipca,6,0.29811977765573217,CBAV3
delta_selic,4,-0.19447406858002794,CBAV3
ibc_var,3,0.27693716552806863,CBAV3
var_dolar,5,0.3511410926495968,CBAV3
delta_ipca,5,-0.34868162625971044,CBEE3
delta_selic,1,-0.31482566131464496,CBEE3
ibc_var,4,-0.26447946653021454,CBEE3
var_dolar,1,0.38845789733151664,CBEE3
delta_ipca,3,-0.3891664568485283,CCHI3
delta_selic,3,-0.22616510869078094,CCHI3
ibc_var,6,0.30010166651877973,CCHI3
var_dolar,4,0.25165686971018125,CCHI3
delta_ipca,0,0.11792628771035417,CCXC3
delta_selic,1,0.1227140034231283,CCXC3
ibc_var,4,-0.269281238943012,CCXC3
var_dolar,1,0.2613912740454483,CCXC3
delta_ipca,1,0.0932478650988583,CEAB3
delta_selic,4,-0.3317972619435788,CEAB3
ibc_var,2,0.13757316900822356,CEAB3
var_dolar,0,-0.39118400777700096,CEAB3
delta_ipca,3,-0.14146591269373607,CEBR6
delta_selic,5,-0.16025973695325654,CEBR6
ibc_var,0,0.20127673468632537,CEBR6
var_dolar,2,0.22293020166303226,CEBR6
delta_ipca,5,0.1552446695450326,CEDO4
delta_selic,2,-0.13152778184160427,CEDO4
ibc_var,1,-0.1742020369060397,CEDO4
var_dolar,0,-0.361273240235501,CEDO4
delta_ipca,1,-0.18985350970597112,CEEB3
delta_selic,5,0.20681597806107185,CEEB3
ibc_var,6,-0.4160420375388799,CEEB3
var_dolar,6,-0.18523536622310327,CEEB3
delta_ipca,4,-0.1167935735455439,CESP6
delta_selic,1,0.06260646166162524,CESP6
ibc_var,4,0.10687385290811696,CESP6
var_dolar,0,-0.3944472651402118,CESP6
delta_ipca,6,0.12208163811261827,CGAS5
delta_selic,6,0.07220702188340913,CGAS5
ibc_var,0,0.2331330835752695,CGAS5
var_dolar,0,-0.2607108188161106,CGAS5
delta_ipca,6,0.1678016273754697,CGRA4
delta_selic,2,0.10627441368198204,CGRA4
ibc_var,0,0.2123498239345505,CGRA4
var_dolar,0,-0.3622376261848218,CGRA4
delta_ipca,0,0.28789238130632033,CIEL3
delta_selic,6,0.1109695980083268,CIEL3
ibc_var,2,-0.2776851389064289,CIEL3
var_dolar,0,-0.3775285434100126,CIEL3
delta_ipca,6,0.30037769569650447,CLSA3
delta_selic,4,-0.41537336434942335,CLSA3
ibc_var,3,0.4341813171891738,CLSA3
var_dolar,4,0.19222180815847134,CLSA3
delta_ipca,6,0.15873226597390594,CLSC4
delta_selic,0,0.06072810023193386,CLSC4
ibc_var,0,0.25712448906468094,CLSC4
var_dolar,0,-0.3278661053198872,CLSC4
delta_ipca,3,0.07170601518268287,CMIG4
delta_selic,0,0.08382373275929711,CMIG4
ibc_var,3,0.18134914764067148,CMIG4
var_dolar,0,-0.5146651494285661,CMIG4
delta_ipca,1,0.41873729106962676,CMIN3
delta_selic,2,-0.19687487034355805,CMIN3
ibc_var,1,-0.0927426804677574,CMIN3
var_dolar,4,-0.3298086976810838,CMIN3
delta_ipca,5,0.14401254736691096,COCE5
delta_selic,4,-0.11247136122040374,COCE5
ibc_var,2,-0.18090812119825456,COCE5
var_dolar,0,-0.2780434060874368,COCE5
delta_ipca,5,0.26838642886475256,COGN3
delta_selic,2,0.1507434814377427,COGN3
ibc_var,4,0.21884224489533483,COGN3
var_dolar,0,-0.37676207141216794,COGN3
delta_ipca,0,-0.11019031349137849,CPFE3
delta_selic,0,0.15857192816419982,CPFE3
ibc_var,3,0.17825659829470775,CPFE3
var_dolar,0,-0.327833550716536,CPFE3
delta_ipca,4,-0.14214891420303027,CPLE6
delta_selic,1,0.15236494809366588,CPLE6
ibc_var,6,-0.18588749297295531,CPLE6
var_dolar,0,-0.3557249528308999,CPLE6
delta_ipca,3,0.3954289903484537,CPRE3
delta_selic,6,-0.2825216072103288,CPRE3
ibc_var,3,0.19268947689416288,CPRE3
var_dolar,5,-0.21925711844550214,CPRE3
delta_ipca,2,-0.2929988387952332,CREM3
delta_selic,2,-0.2153012674553612,CREM3
ibc_var,4,0.2307768250365616,CREM3
var_dolar,6,0.18021379180223396,CREM3
delta_ipca,1,-0.2991783973009691,CRFB3
delta_selic,6,-0.12582456286878635,CRFB3
ibc_var,3,0.21743082159660787,CRFB3
var_dolar,0,-0.2909956052693563,CRFB3
delta_ipca,2,0.2714108963192424,CRIV4
delta_selic,2,-0.2547120865168724,CRIV4
ibc_var,0,0.27207657886015024,CRIV4
var_dolar,3,0.21263405004142688,CRIV4
delta_ipca,5,0.1904785420522011,CRPG5
delta_selic,4,-0.29450904769242925,CRPG5
ibc_var,0,-0.12091987527517768,CRPG5
var_dolar,1,-0.2599760135123977,CRPG5
delta_ipca,1,-0.2266912299838949,CRUZ3
delta_selic,4,-0.24067471366271465,CRUZ3
ibc_var,4,0.11936115487429595,CRUZ3
var_dolar,2,0.27158075672432913,CRUZ3
delta_ipca,4,-0.15724425738769118,CSAN3
delta_selic,4,-0.12785783775883744,CSAN3
ibc_var,4,0.2827606679799547,CSAN3
var_dolar,0,-0.35806448811688196,CSAN3
delta_ipca,2,-0.11094984591810891,CSED3
delta_selic,6,-0.1531634199916781,CSED3
ibc_var,5,0.2593674212588111,CSED3
var_dolar,0,-0.33055599747907743,CSED3
delta_ipca,3,0.20148832025679297,CSMG3
delta_selic,0,-0.07537381421293084,CSMG3
ibc_var,3,0.24651826369960667,CSMG3
var_dolar,0,-0.4059884555135192,CSMG3
delta_ipca,1,0.22842854134097804,CSNA3
delta_selic,2,-0.09578052238936788,CSNA3
ibc_var,5,-0.14960045667405028,CSNA3
var_dolar,0,-0.2570848677596024,CSNA3
delta_ipca,2,-0.29257070520634515,CSRN3
delta_selic,0,0.2764862146716758,CSRN3
ibc_var,4,0.3472156263789356,CSRN3
var_dolar,0,-0.30691020415296444,CSRN3
delta_ipca,5,0.13582820606015938,CSUD3
delta_selic,4,-0.18303982460772752,CSUD3
ibc_var,1,-0.19369103344065186,CSUD3
var_dolar,0,-0.27390262234632,CSUD3
delta_ipca,6,0.16144468631961584,CTAX3
delta_selic,6,-0.31213928227367455,CTAX3
ibc_var,3,0.11792004781561814,CTAX3
var_dolar,0,-0.1701391761442769,CTAX3
delta_ipca,5,-0.1425209748695641,CTKA4
delta_selic,0,-0.08259305909129337,CTKA4
ibc_var,5,-0.10436677786723127,CTKA4
var_dolar,0,-0.34375422902959973,CTKA4
delta_ipca,5,-0.10446399916055168,CTNM4
delta_selic,5,-0.24164703368588958,CTNM4
ibc_var,1,-0.1385033897232274,CTNM4
var_dolar,0,-0.4485367030445188,CTNM4
delta_ipca,4,-0.15704281298464068,CTSA4
delta_selic,3,-0.22588975187113988,CTSA4
ibc_var,1,-0.2934416188553261,CTSA4
var_dolar,0,-0.24240535042922245,CTSA4
delta_ipca,0,-0.2504569878774487,CURY3
delta_selic,1,0.11073817148645251,CURY3
ibc_var,4,0.22804439214429104,CURY3
var_dolar,3,0.47616199632528666,CURY3
delta_ipca,2,-0.1422147809870405,CVCB3
delta_selic,6,-0.24228408059690307,CVCB3
ibc_var,1,-0.150907550636362,CVCB3
var_dolar,0,-0.48092218719504287,CVCB3
delta_ipca,4,-0.32098532482054887,CXSE3
delta_selic,5,0.2245838078605808,CXSE3
ibc_var,4,-0.4032786805371973,CXSE3
var_dolar,0,-0.5138070366229228,CXSE3
delta_ipca,5,0.1526248229621061,CYRE3
delta_selic,4,-0.09925177315030731,CYRE3
ibc_var,0,0.24809742735472334,CYRE3
var_dolar,0,-0.4781925995652996,CYRE3
delta_ipca,2,-0.1950745679289584,DASA3
delta_selic,5,-0.07917352980568317,DASA3
ibc_var,3,0.39729320921390726,DASA3
var_dolar,6,0.29506765934178397,DASA3
delta_ipca,6,-0.2539864308466315,DAYC4
delta_selic,2,0.13467454006787058,DAYC4
ibc_var,6,-0.2595389446742358,DAYC4
var_dolar,2,0.19888235583925287,DAYC4
delta_ipca,4,-0.2536116146221402,DESK3
delta_selic,0,-0.33609380199735467,DESK3
ibc_var,6,-0.17871747340196092,DESK3
var_dolar,0,-0.32032210831139674,DESK3
delta_ipca,4,-0.12042457599968734,DEXP3
delta_selic,6,-0.09661176131024939,DEXP3
ibc_var,0,0.14319181152026947,DEXP3
var_dolar,4,0.24366040509805428,DEXP3
delta_ipca,3,-0.1269184331398233,DIRR3
delta_selic,5,-0.09269684504920718,DIRR3
ibc_var,0,0.3175228777541308,DIRR3
var_dolar,0,-0.44830417707671266,DIRR3
delta_ipca,4,-0.3159161417979464,DMVF3
delta_selic,0,-0.279034439549242,DMVF3
ibc_var,6,-0.1886349956431573,DMVF3
var_dolar,0,-0.3305668600833787,DMVF3
delta_ipca,4,0.14623797685385487,DOHL4
delta_selic,5,-0.21058344898575174,DOHL4
ibc_var,4,0.20634328684467898,DOHL4
var_dolar,0,-0.22201875356613407,DOHL4
delta_ipca,6,0.32361283913223204,DOTZ3
delta_selic,5,-0.29888280981107457,DOTZ3
ibc_var,3,0.41560993051924955,DOTZ3
var_dolar,4,0.16357923577727826,DOTZ3
delta_ipca,4,-0.22709616029448765,DTCY3
delta_selic,5,-0.2557844981208768,DTCY3
ibc_var,0,-0.12829656404462786,DTCY3
var_dolar,0,-0.22999220187640942,DTCY3
delta_ipca,5,0.17474358774134222,DXCO3
delta_selic,4,-0.166988826214315,DXCO3
ibc_var,0,0.2145868170950172,DXCO3
var_dolar,0,-0.4401895162048124,DXCO3
delta_ipca,1,0.1489533968168437,EALT4
delta_selic,2,-0.2188827479660511,EALT4
ibc_var,0,0.32673073741076636,EALT4
var_dolar,0,-0.3268558120209763,EALT4
delta_ipca,6,-0.19670900315498657,EBTP4
delta_selic,5,0.39285886975609696,EBTP4
ibc_var,6,-0.3690681423561692,EBTP4
var_dolar,6,0.26719380165433676,EBTP4
delta_ipca,5,0.11058626576204002,ECOR3
delta_selic,6,-0.10781471876460921,ECOR3
ibc_var,4,0.22339339172378847,ECOR3
var_dolar,0,-0.4008031266014195,ECOR3
delta_ipca,4,-0.3159741722562959,EGIE3
delta_selic,6,-0.17594459678777902,EGIE3
ibc_var,0,0.17574679777197766,EGIE3
var_dolar,0,-0.3921743787088436,EGIE3
delta_ipca,1,0.31015671770942643,EKTR4
delta_selic,3,-0.2046862922719734,EKTR4
ibc_var,0,0.25381347624725265,EKTR4
var_dolar,4,0.33338806810300997,EKTR4
delta_ipca,5,-0.517032239470366,ELEK4
delta_selic,2,-0.4595902699306551,ELEK4
ibc_var,5,-0.3907997008319992,ELEK4
var_dolar,1,0.436034628718111,ELEK4
delta_ipca,5,0.3784178323223406,ELMD3
delta_selic,2,-0.27267673071792686,ELMD3
ibc_var,3,0.23107516746935622,ELMD3
var_dolar,3,0.43180083884938947,ELMD3
delta_ipca,4,-0.15508940367814716,ELPL4
delta_selic,6,0.30866975974844996,ELPL4
ibc_var,3,0.23224575540637188,ELPL4
var_dolar,0,-0.3160842463600736,ELPL4
delta_ipca,4,-0.20756856501761614,EMAE4
delta_selic,6,-0.14851089865995726,EMAE4
ibc_var,1,-0.2125525086884854,EMAE4
var_dolar,0,-0.15241183463018523,EMAE4
delta_ipca,0,0.2906638251506275,EMBJ3
delta_selic,4,-0.08912324279625028,EMBJ3
ibc_var,0,0.2793261616427972,EMBJ3
var_dolar,0,-0.22895893053214048,EMBJ3
delta_ipca,5,0.21613539401184584,ENAT3
delta_selic,4,-0.1461506283859402,ENAT3
ibc_var,4,0.12366095987197084,ENAT3
var_dolar,0,-0.21729908257642933,ENAT3
delta_ipca,2,-0.11262040290532371,ENBR3
delta_selic,1,0.15073763575103513,ENBR3
ibc_var,6,-0.18981888781955558,ENBR3
var_dolar,0,-0.2428081802988037,ENBR3
delta_ipca,4,-0.15197099408101003,ENEV3
delta_selic,6,-0.13152913308184705,ENEV3
ibc_var,4,0.20241050280285527,ENEV3
var_dolar,0,-0.2877242981898165,ENEV3
delta_ipca,5,0.20265563216756258,ENGI11
delta_selic,2,0.1567995657617138,ENGI11
ibc_var,3,0.21893527880682567,ENGI11
var_dolar,0,-0.4084102384559341,ENGI11
delta_ipca,0,-0.26155551835106466,ENJU3
delta_selic,4,-0.46906957894964924,ENJU3
ibc_var,3,0.19192837439574797,ENJU3
var_dolar,0,-0.21170169524024307,ENJU3
delta_ipca,5,-0.31204105467029075,ENMT4
delta_selic,5,-0.4010178091855763,ENMT4
ibc_var,4,-0.40615210680390484,ENMT4
var_dolar,4,0.258808506108706,ENMT4
delta_ipca,2,0.16955095231194584,EPAR4
delta_selic,2,0.2553449642779118,EPAR4
ibc_var,0,-0.1887567208335502,EPAR4
var_dolar,0,-0.20055878814521003,EPAR4
delta_ipca,2,-0.17773362379678626,EQPA3
delta_selic,5,-0.10257102259215972,EQPA3
ibc_var,4,0.16873209753736454,EQPA3
var_dolar,0,-0.2424275152185066,EQPA3
delta_ipca,5,0.18121870919465025,EQTL3
delta_selic,5,-0.1271170664488777,EQTL3
ibc_var,6,-0.23152046963085038,EQTL3
var_dolar,0,-0.3104436660199078,EQTL3
delta_ipca,1,-0.2670142570386457,ESPA3
delta_selic,5,-0.34393963008962314,ESPA3
ibc_var,1,-0.3431924050761226,ESPA3
var_dolar,0,-0.4478779666015627,ESPA3
delta_ipca,5,-0.20277072572229887,ESTR4
delta_selic,4,-0.17662697356993007,ESTR4
ibc_var,4,-0.24511771068757035,ESTR4
var_dolar,0,-0.1593803058109124,ESTR4
delta_ipca,1,0.0770438539124109,ETER3
delta_selic,4,-0.1999503973622575,ETER3
ibc_var,6,-0.30191390471252216,ETER3
var_dolar,0,-0.3311349586258343,ETER3
delta_ipca,5,0.07743669732314172,EUCA4
delta_selic,4,-0.11929392622087451,EUCA4
ibc_var,1,-0.3262910963697366,EUCA4
var_dolar,0,-0.34048955415710336,EUCA4
delta_ipca,2,-0.12615541605305586,EVEN3
delta_selic,4,-0.1440869372498625,EVEN3
ibc_var,0,0.2835805495050974,EVEN3
var_dolar,0,-0.47367259840431175,EVEN3
delta_ipca,2,-0.12012422329824184,EZTC3
delta_selic,4,-0.08986613585703698,EZTC3
ibc_var,0,0.18240169486216384,EZTC3
var_dolar,0,-0.5119262554659617,EZTC3
delta_ipca,1,0.13350716413273184,FESA4
delta_selic,4,-0.13917526792016582,FESA4
ibc_var,3,0.18113666538790357,FESA4
var_dolar,6,-0.167261691807692,FESA4
delta_ipca,6,0.15069899343896603,FHER3
delta_selic,5,-0.10237016426305931,FHER3
ibc_var,1,-0.15667516404166804,FHER3
var_dolar,0,-0.18528398797664386,FHER3
delta_ipca,0,0.25893570161939966,FIBR3
delta_selic,3,-0.23953542828465307,FIBR3
ibc_var,4,-0.13481612506935625,FIBR3
var_dolar,0,0.24013570905724888,FIBR3
delta_ipca,0,0.21725692220389828,FICT3
delta_selic,4,-0.22842990897540008,FICT3
ibc_var,6,-0.3172801363972051,FICT3
var_dolar,2,0.26869063921434777,FICT3
delta_ipca,1,-0.12996746387112781,FIEI3
delta_selic,0,0.10499814046808485,FIEI3
ibc_var,0,0.15134675338737238,FIEI3
var_dolar,4,-0.250234992662496,FIEI3
delta_ipca,6,0.15603387820202813,FIQE3
delta_selic,4,-0.26136975041716304,FIQE3
ibc_var,2,0.3817251363098158,FIQE3
var_dolar,0,-0.46322359971881427,FIQE3
delta_ipca,3,-0.15638238317750056,FLRY3
delta_selic,6,0.12173435800783004,FLRY3
ibc_var,1,-0.0923404604288998,FLRY3
var_dolar,0,-0.17238638335383247,FLRY3
delta_ipca,5,0.2983060918786289,FRAS3
delta_selic,4,-0.16310038483479933,FRAS3
ibc_var,0,0.23897993033774428,FRAS3
var_dolar,0,-0.45190162374919907,FRAS3
delta_ipca,1,-0.2260723281871731,FRIO3
delta_selic,3,-0.15871817010364125,FRIO3
ibc_var,2,-0.33752200043732944,FRIO3
var_dolar,3,0.3523696180312525,FRIO3
delta_ipca,5,0.19429936609890205,FRTA3
delta_selic,5,-0.1114673520991475,FRTA3
ibc_var,2,0.18543746409883702,FRTA3
var_dolar,0,-0.2910919222068265,FRTA3
delta_ipca,4,-0.6183838049471546,FTRX4
delta_selic,2,0.25368319747143464,FTRX4
ibc_var,6,0.3101599144516769,FTRX4
var_dolar,3,-0.24870475005469903,FTRX4
delta_ipca,1,0.19000131111447502,GEPA4
delta_selic,3,-0.2836918165994795,GEPA4
ibc_var,5,0.17058042010161478,GEPA4
var_dolar,1,-0.26499991677433227,GEPA4
delta_ipca,6,-0.31014816584215243,GETI4
delta_selic,4,-0.155845939154109,GETI4
ibc_var,3,0.28636015311638585,GETI4
var_dolar,5,-0.2884694626820585,GETI4
delta_ipca,0,-0.2393659068947865,GFSA3
delta_selic,4,-0.16411850138291173,GFSA3
ibc_var,1,-0.18203817581387924,GFSA3
var_dolar,0,-0.29202108710489094,GFSA3
delta_ipca,1,0.1669893599219678,GGBR4
delta_selic,1,-0.14159877698550338,GGBR4
ibc_var,5,-0.1443583575115106,GGBR4
var_dolar,0,-0.2906542036830858,GGBR4
delta_ipca,4,-0.28556602920087554,GGPS3
delta_selic,4,-0.18369624322624137,GGPS3
ibc_var,3,0.26209116264422316,GGPS3
var_dolar,0,-0.5504812237210589,GGPS3
delta_ipca,5,0.22785054980741562,GMAT3
delta_selic,4,-0.24095990364965522,GMAT3
ibc_var,3,0.3322913263541637,GMAT3
var_dolar,0,-0.2901414075555055,GMAT3
delta_ipca,3,-0.2879664713164928,GNDI3
delta_selic,5,0.12982403981445811,GNDI3
ibc_var,1,-0.20545150931125175,GNDI3
var_dolar,5,-0.3183523584983931,GNDI3
delta_ipca,1,0.10858826477730754,GOAU4
delta_selic,1,-0.15966185362564236,GOAU4
ibc_var,0,0.1449487113310061,GOAU4
var_dolar,0,-0.3154548298439581,GOAU4
delta_ipca,6,0.11677925981993996,GOLL4
delta_selic,4,-0.15003556749775138,GOLL4
ibc_var,0,0.16688601495215283,GOLL4
var_dolar,0,-0.5016332338351026,GOLL4
delta_ipca,0,0.10908089937541428,GRND3
delta_selic,4,-0.15712386871416018,GRND3
ibc_var,0,0.23002701076582135,GRND3
var_dolar,0,-0.3493307770873779,GRND3
delta_ipca,0,0.14363353477663712,GSHP3
delta_selic,6,-0.11987920980764061,GSHP3
ibc_var,0,0.24702233537104065,GSHP3
var_dolar,0,-0.34653126900639575,GSHP3
delta_ipca,4,0.10814267280506638,HAGA4
delta_selic,4,-0.06517931389673132,HAGA4
ibc_var,6,-0.13245561935122827,HAGA4
var_dolar,0,-0.21108140171688294,HAGA4
delta_ipca,4,-0.23721923747537327,HAPV3
delta_selic,6,-0.2568637738186786,HAPV3
ibc_var,1,-0.24203794339139093,HAPV3
var_dolar,6,0.2857004325965614,HAPV3
delta_ipca,5,0.1233282814845721,HBOR3
delta_selic,2,0.08495114898511644,HBOR3
ibc_var,0,0.22859123959356314,HBOR3
var_dolar,0,-0.4591480626773965,HBOR3
delta_ipca,3,0.32331669490188175,HBRE3
delta_selic,4,-0.20072110835690388,HBRE3
ibc_var,3,0.1972510354957783,HBRE3
var_dolar,0,-0.2987799632577051,HBRE3
delta_ipca,0,-0.2526004580580908,HBSA3
delta_selic,0,-0.15836332083630708,HBSA3
ibc_var,5,0.22035165877238808,HBSA3
var_dolar,6,-0.20162056141463477,HBSA3
delta_ipca,5,0.21027230929847493,HBTS5
delta_selic,6,-0.15343814025966476,HBTS5
ibc_var,2,-0.39755087277412504,HBTS5
var_dolar,3,0.35716882365900576,HBTS5
delta_ipca,4,0.2798166494969987,HETA4
delta_selic,1,0.13238696527573468,HETA4
ibc_var,0,0.2300681780515809,HETA4
var_dolar,0,-0.32539929217481056,HETA4
delta_ipca,6,0.07964970537809997,HGTX3
delta_selic,0,0.1702163171320779,HGTX3
ibc_var,0,0.23391338895650493,HGTX3
var_dolar,0,-0.3612049124007507,HGTX3
delta_ipca,0,-0.15125324332049916,HOOT4
delta_selic,4,-0.1720924007141103,HOOT4
ibc_var,1,-0.08808357665460578,HOOT4
var_dolar,0,-0.2599638507184673,HOOT4
delta_ipca,1,-0.1054911369314872,HYPE3
delta_selic,0,0.12115494709416051,HYPE3
ibc_var,4,0.11127767224968162,HYPE3
var_dolar,0,-0.41177121607312556,HYPE3
delta_ipca,4,-0.23264542971370702,IDVL4
delta_selic,1,-0.09754249464874462,IDVL4
ibc_var,6,-0.15955381580300163,IDVL4
var_dolar,0,-0.2735523826472526,IDVL4
delta_ipca,0,-0.2625082731626102,IFCM3
delta_selic,6,-0.289773873808064,IFCM3
ibc_var,2,0.3234347180283925,IFCM3
var_dolar,0,-0.27440393807247004,IFCM3
delta_ipca,5,0.20557839570834988,IGBR3
delta_selic,6,0.21583011293717547,IGBR3
ibc_var,4,0.0882155028060232,IGBR3
var_dolar,0,-0.14386636771469438,IGBR3
delta_ipca,1,0.19184746349785659,IGTA3
delta_selic,4,-0.14675041325761304,IGTA3
ibc_var,6,-0.2450227871984214,IGTA3
var_dolar,0,-0.49597139814427876,IGTA3
delta_ipca,5,0.3992337446242756,IGTI11
delta_selic,3,0.11395465806316465,IGTI11
ibc_var,3,0.29682153687266444,IGTI11
var_dolar,0,-0.36549337425237927,IGTI11
delta_ipca,1,0.18145005720436183,IMBI4
delta_selic,3,0.21219675653798822,IMBI4
ibc_var,4,-0.2019878658059854,IMBI4
var_dolar,6,-0.29729666624961854,IMBI4
delta_ipca,3,0.2414954990074281,IMCH3
delta_selic,4,-0.3515492127413482,IMCH3
ibc_var,3,0.2662451431952562,IMCH3
var_dolar,0,-0.4805016307339606,IMCH3
delta_ipca,5,-0.22019769269568482,INEP4
delta_selic,5,-0.1795061206585207,INEP4
ibc_var,4,0.1524375740568534,INEP4
var_dolar,0,-0.18801582805322975,INEP4
delta_ipca,4,-0.47592416357454953,INTB3
delta_selic,1,0.19628331938046556,INTB3
ibc_var,1,-0.19915265934082976,INTB3
var_dolar,0,-0.2773379800437717,INTB3
delta_ipca,1,0.18263164024101253,IRBR3
delta_selic,4,-0.23052143916513843,IRBR3
ibc_var,0,0.3425464133128902,IRBR3
var_dolar,0,-0.4212973204684214,IRBR3
delta_ipca,4,-0.13042940324704727,ISAE4
delta_selic,2,0.09120547392745909,ISAE4
ibc_var,6,-0.21286543131329197,ISAE4
var_dolar,0,-0.23535005562658326,ISAE4
delta_ipca,5,0.11661109732287042,ITSA4
delta_selic,4,-0.10384842147486516,ITSA4
ibc_var,2,-0.16632950982573202,ITSA4
var_dolar,0,-0.5206788542814914,ITSA4
delta_ipca,5,0.11116315750341153,ITUB4
delta_selic,1,0.10192103564472028,ITUB4
ibc_var,3,0.17915044741803163,ITUB4
var_dolar,0,-0.5094539894516077,ITUB4
delta_ipca,2,-0.2959054452290363,JALL3
delta_selic,4,-0.28764282454240536,JALL3
ibc_var,2,-0.2306412382419132,JALL3
var_dolar,0,-0.16652232729814756,JALL3
delta_ipca,4,-0.16123810497117652,JFEN3
delta_selic,1,0.15980806274379775,JFEN3
ibc_var,6,0.23388653642984256,JFEN3
var_dolar,0,-0.37570124885635925,JFEN3
delta_ipca,5,0.09343267926957868,JHSF3
delta_selic,5,-0.0854668098262781,JHSF3
ibc_var,2,-0.2345610920464135,JHSF3
var_dolar,0,-0.4089951039447654,JHSF3
delta_ipca,4,-0.25533565737084307,JSLG3
delta_selic,6,-0.11034093413820684,JSLG3
ibc_var,0,0.22141677981047295,JSLG3
var_dolar,0,-0.39698536681808483,JSLG3
delta_ipca,0,-0.14290778169150464,KEPL3
delta_selic,0,-0.13914615119677598,KEPL3
ibc_var,2,-0.22175342376114465,KEPL3
var_dolar,0,-0.2912021083576445,KEPL3
delta_ipca,4,-0.15324528330398215,KLBN11
delta_selic,1,-0.09775255244085666,KLBN11
ibc_var,3,-0.2206447052191632,KLBN11
var_dolar,3,0.22875130103215235,KLBN11
delta_ipca,1,-0.3320291879809605,KRSA3
delta_selic,5,-0.18042556189457745,KRSA3
ibc_var,4,0.2794687117550516,KRSA3
var_dolar,6,0.5340899426451778,KRSA3
delta_ipca,2,-0.3360171769258184,LAME4
delta_selic,6,0.1261048896284228,LAME4
ibc_var,1,-0.2364903837868493,LAME4
var_dolar,0,-0.34864671530735647,LAME4
delta_ipca,0,0.3626909595800381,LAND3
delta_selic,0,0.14964041436072287,LAND3
ibc_var,6,-0.4003014752812497,LAND3
var_dolar,3,0.41654849487116835,LAND3
delta_ipca,5,0.4118453048926058,LAVV3
delta_selic,3,0.17843928094823727,LAVV3
ibc_var,3,0.20882774502506793,LAVV3
var_dolar,0,-0.2983358073958301,LAVV3
delta_ipca,1,0.15834092189346766,LCAM3
delta_selic,3,-0.2845005655961293,LCAM3
ibc_var,0,0.2259470204922004,LCAM3
var_dolar,0,-0.338939358195868,LCAM3
delta_ipca,5,0.2787600668816879,LEVE3
delta_selic,4,-0.11480747232346815,LEVE3
ibc_var,6,-0.10776624704954012,LEVE3
var_dolar,4,0.1331642469090484,LEVE3
delta_ipca,6,0.19877866254878818,LIGT3
delta_selic,2,0.09013551020508669,LIGT3
ibc_var,3,0.19282160734609943,LIGT3
var_dolar,0,-0.3833910982413705,LIGT3
delta_ipca,2,-0.2830779662887156,LINX3
delta_selic,4,-0.1009180901991408,LINX3
ibc_var,0,0.28084313506454467,LINX3
var_dolar,0,-0.32006075973519343,LINX3
delta_ipca,3,0.43714724282496115,LIPR3
delta_selic,0,-0.5866807580706955,LIPR3
ibc_var,2,0.5601755339173173,LIPR3
var_dolar,2,-0.5546426328101643,LIPR3
delta_ipca,3,0.48525803639487775,LIXC4
delta_selic,5,-0.39668680865969747,LIXC4
ibc_var,5,0.18350410563505223,LIXC4
var_dolar,2,-0.4335738059985203,LIXC4
delta_ipca,3,0.21390168545539498,LJQQ3
delta_selic,4,-0.19471492458560422,LJQQ3
ibc_var,3,0.24921815944623305,LJQQ3
var_dolar,0,-0.5202624182632481,LJQQ3
delta_ipca,5,0.30005884717325704,LOGG3
delta_selic,4,-0.18207704631296698,LOGG3
ibc_var,1,-0.2634156375447924,LOGG3
var_dolar,0,-0.4999976644578477,LOGG3
delta_ipca,6,0.19129284238996863,LOGN3
delta_selic,2,0.1111096052338361,LOGN3
ibc_var,4,0.13656198001962414,LOGN3
var_dolar,0,-0.37730161757192915,LOGN3
delta_ipca,2,-0.12393578851174702,LPSB3
delta_selic,4,-0.13738692943378528,LPSB3
ibc_var,0,0.1899868031476453,LPSB3
var_dolar,0,-0.5069909592141512,LPSB3
delta_ipca,6,-0.136519744464993,LREN3
delta_selic,4,-0.1279093925580333,LREN3
ibc_var,6,-0.18191397576472337,LREN3
var_dolar,0,-0.39817979828817557,LREN3
delta_ipca,3,0.08534507564289495,LUPA3
delta_selic,5,-0.13509010146908387,LUPA3
ibc_var,4,0.14839989605137352,LUPA3
var_dolar,0,-0.33428090475850514,LUPA3
delta_ipca,2,0.2814702791355056,LUXM4
delta_selic,2,-0.2334543324566045,LUXM4
ibc_var,3,-0.3954831859905195,LUXM4
var_dolar,3,0.21913728945249702,LUXM4
delta_ipca,5,0.29569040812412195,LWSA3
delta_selic,0,-0.23186628392698239,LWSA3
ibc_var,1,-0.4139778766939327,LWSA3
var_dolar,1,0.349338971942731,LWSA3
delta_ipca,1,0.24460237184250436,MAGG3
delta_selic,0,-0.3524808811497916,MAGG3
ibc_var,1,-0.29505030655849607,MAGG3
var_dolar,1,0.22278230373089972,MAGG3
delta_ipca,5,0.34397608627683457,MATD3
delta_selic,2,0.20250907364337858,MATD3
ibc_var,3,0.33955344914305713,MATD3
var_dolar,0,-0.424773017110731,MATD3
delta_ipca,0,-0.1506643926501075,MBRF3
delta_selic,4,-0.24567350208013,MBRF3
ibc_var,6,-0.16447419811511338,MBRF3
var_dolar,4,0.12114789911639533,MBRF3
delta_ipca,1,-0.11527913081943006,MDIA3
delta_selic,2,0.11440538943437321,MDIA3
ibc_var,1,-0.17400429136586343,MDIA3
var_dolar,0,-0.4004739560262404,MDIA3
delta_ipca,5,0.31154602502028117,MDNE3
delta_selic,6,-0.24402602986369243,MDNE3
ibc_var,0,0.3514220379075258,MDNE3
var_dolar,0,-0.4946690922682159,MDNE3
delta_ipca,1,0.20675165102972032,MEAL3
delta_selic,3,-0.06821995195186796,MEAL3
ibc_var,6,-0.22499859770160993,MEAL3
var_dolar,0,-0.4718022628361942,MEAL3
delta_ipca,5,0.2851249941728555,MELK3
delta_selic,0,0.19116126183960158,MELK3
ibc_var,1,-0.20569970068668372,MELK3
var_dolar,0,-0.390556040821751,MELK3
delta_ipca,2,-0.21878837696373193,MGEL4
delta_selic,2,0.06913328703662655,MGEL4
ibc_var,2,-0.21417591330359623,MGEL4
var_dolar,0,-0.3217526970602984,MGEL4
delta_ipca,6,-0.15540913929035607,MGLU3
delta_selic,0,-0.16504409603655126,MGLU3
ibc_var,4,-0.06482300461697842,MGLU3
var_dolar,0,-0.4460579821732598,MGLU3
delta_ipca,2,-0.1602612144777962,MILS3
delta_selic,6,-0.10074531699300907,MILS3
ibc_var,0,0.1870702288339868,MILS3
var_dolar,0,-0.3969696644263573,MILS3
delta_ipca,4,-0.17848340999591153,MLAS3
delta_selic,6,-0.19365333944982457,MLAS3
ibc_var,1,-0.3004937561669197,MLAS3
var_dolar,0,-0.33462130998274414,MLAS3
delta_ipca,2,0.13482859411051895,MMXM3
delta_selic,3,-0.23989383779418746,MMXM3
ibc_var,6,-0.32478271486868954,MMXM3
var_dolar,0,-0.2707250117271581,MMXM3
delta_ipca,3,0.19080017517378445,MNPR3
delta_selic,0,0.06455852399980944,MNPR3
ibc_var,1,-0.13679899795333741,MNPR3
var_dolar,5,-0.19358725703471838,MNPR3
delta_ipca,0,0.34533519292883036,MOAR3
delta_selic,6,-0.1290439894886934,MOAR3
ibc_var,0,0.20713548545222013,MOAR3
var_dolar,2,0.2115555862496898,MOAR3
delta_ipca,2,-0.09979895757974659,MOTV3
delta_selic,2,0.18052610253898985,MOTV3
ibc_var,4,0.1804453647888803,MOTV3
var_dolar,0,-0.41971353722786786,MOTV3
delta_ipca,2,-0.2149125462263198,MOVI3
delta_selic,6,-0.14823033576566186,MOVI3
ibc_var,0,0.2059108201335908,MOVI3
var_dolar,0,-0.4043750201451205,MOVI3
delta_ipca,1,0.09706483128091747,MPLU3
delta_selic,6,0.2101213079600921,MPLU3
ibc_var,3,-0.10720794689877647,MPLU3
var_dolar,0,-0.2659854988378008,MPLU3
delta_ipca,0,-0.13785976833516597,MRVE3
delta_selic,3,0.08795173631389364,MRVE3
ibc_var,1,-0.15561727834434494,MRVE3
var_dolar,0,-0.3258552135975917,MRVE3
delta_ipca,4,-0.22659587797372463,MTIG4
delta_selic,1,-0.2070416167369404,MTIG4
ibc_var,4,-0.38557840986163183,MTIG4
var_dolar,0,-0.19062551720457271,MTIG4
delta_ipca,5,0.16963531641486082,MTRE3
delta_selic,4,-0.10046737609670145,MTRE3
ibc_var,1,-0.22088576611471286,MTRE3
var_dolar,0,-0.45238762799635224,MTRE3
delta_ipca,4,-0.1638237737913665,MTSA4
delta_selic,6,-0.14778704147534716,MTSA4
ibc_var,0,0.2911352519501584,MTSA4
var_dolar,0,-0.3589104567134801,MTSA4
delta_ipca,5,0.16352141673790407,MULT3
delta_selic,2,0.06204601673138952,MULT3
ibc_var,6,-0.27157153123855043,MULT3
var_dolar,0,-0.302435116022807,MULT3
delta_ipca,2,-0.14740051419673625,MWET4
delta_selic,6,-0.18043622895957184,MWET4
ibc_var,0,0.20714683608706155,MWET4
var_dolar,0,-0.27785050604278955,MWET4
delta_ipca,5,0.1318757347283835,MYPK3
delta_selic,5,-0.11348772510083101,MYPK3
ibc_var,5,-0.19955964794248748,MYPK3
var_dolar,0,-0.24682679395235282,MYPK3
delta_ipca,6,-0.2579715746038436,NATU3
delta_selic,2,-0.1678865166653378,NATU3
ibc_var,3,0.15812229943165684,NATU3
var_dolar,0,-0.37731580427768896,NATU3
delta_ipca,6,0.25437523053713135,NEOE3
delta_selic,2,0.17874423683289334,NEOE3
ibc_var,2,-0.279655810805048,NEOE3
var_dolar,0,-0.5001452820997005,NEOE3
delta_ipca,6,-0.16368376820213817,NETC4
delta_selic,2,0.23127081509196487,NETC4
ibc_var,2,-0.278260285579668,NETC4
var_dolar,4,0.1366972650947355,NETC4
delta_ipca,2,-0.24000509950094664,NEXP3
delta_selic,5,-0.14321643661740185,NEXP3
ibc_var,1,-0.15398994957453813,NEXP3
var_dolar,0,-0.44669534277760375,NEXP3
delta_ipca,1,-0.13358382949303363,NGRD3
delta_selic,2,-0.24965337420427255,NGRD3
ibc_var,3,0.43548158850969104,NGRD3
var_dolar,2,0.25178937280853386,NGRD3
delta_ipca,2,0.43200937564726255,NORD3
delta_selic,1,-0.22090136820134237,NORD3
ibc_var,1,-0.20352022482052884,NORD3
var_dolar,0,-0.1432031632230377,NORD3
delta_ipca,4,-0.2064235617174317,NTCO3
delta_selic,2,-0.3259614170841908,NTCO3
ibc_var,1,-0.2320881387847381,NTCO3
var_dolar,0,-0.362281966026018,NTCO3
delta_ipca,5,-0.33441918673828025,NUTR3
delta_selic,2,-0.381851143704904,NUTR3
ibc_var,4,-0.33661409268294495,NUTR3
var_dolar,0,-0.2851241869058999,NUTR3
delta_ipca,3,0.15859423305007045,ODPV3
delta_selic,6,0.09098289693733656,ODPV3
ibc_var,4,0.17258065814258608,ODPV3
var_dolar,0,-0.19368579169421302,ODPV3
delta_ipca,1,0.1727651698249586,OFSA3
delta_selic,1,0.10428014178513198,OFSA3
ibc_var,5,-0.25815685173048947,OFSA3
var_dolar,0,-0.3022515851835804,OFSA3
delta_ipca,4,-0.28720226956083234,OGXP3
delta_selic,0,-0.19081146627025208,OGXP3
ibc_var,6,-0.28595556674584144,OGXP3
var_dolar,3,0.31077213829092376,OGXP3
delta_ipca,2,-0.1957905612361618,OIBR3
delta_selic,4,-0.26140987742240523,OIBR3
ibc_var,2,-0.17647255615340016,OIBR3
var_dolar,0,-0.3079650976614902,OIBR3
delta_ipca,2,-0.2306793422479949,OMGE3
delta_selic,0,-0.3481998595487006,OMGE3
ibc_var,2,-0.27045813749641573,OMGE3
var_dolar,0,-0.4996079729774104,OMGE3
delta_ipca,0,0.45493710775597124,ONCO3
delta_selic,5,0.08749340520569748,ONCO3
ibc_var,6,-0.1338410683135405,ONCO3
var_dolar,0,-0.5280813329335748,ONCO3
delta_ipca,5,0.2469498251587911,OPCT3
delta_selic,4,-0.3676748229491466,OPCT3
ibc_var,3,0.21811949324350363,OPCT3
var_dolar,0,-0.33371247396568793,OPCT3
delta_ipca,5,0.2395591603618564,ORVR3
delta_selic,2,0.1618588284007865,ORVR3
ibc_var,4,-0.2411508154777633,ORVR3
var_dolar,0,-0.4685988821266204,ORVR3
delta_ipca,5,-0.1967753218676458,OSXB3
delta_selic,6,0.10025193884449603,OSXB3
ibc_var,6,-0.35125345882327513,OSXB3
var_dolar,2,0.19288465771319965,OSXB3
delta_ipca,3,-0.3573766983363448,PARD3
delta_selic,3,0.23486023800545375,PARD3
ibc_var,2,-0.408353423394234,PARD3
var_dolar,0,-0.34862135045476034,PARD3
delta_ipca,2,0.2346141606579348,PCAR4
delta_selic,6,0.19077538742013692,PCAR4
ibc_var,3,0.35773195851487344,PCAR4
var_dolar,0,-0.5196866481882235,PCAR4
delta_ipca,6,-0.29750962864149894,PDGR3
delta_selic,6,-0.16805397232419536,PDGR3
ibc_var,1,-0.11725214902942975,PDGR3
var_dolar,0,-0.2445528137751962,PDGR3
delta_ipca,1,0.13776785395774935,PDTC3
delta_selic,0,-0.22949210689421273,PDTC3
ibc_var,2,-0.2878882160033087,PDTC3
var_dolar,2,0.22110957710166515,PDTC3
delta_ipca,4,-0.21324824220014602,PEAB4
delta_selic,1,-0.30677789072294265,PEAB4
ibc_var,4,-0.2932121221863719,PEAB4
var_dolar,4,0.29242451016030896,PEAB4
delta_ipca,2,-0.12837310113805914,PETR4
delta_selic,3,-0.09086119744061452,PETR4
ibc_var,5,-0.16144337093982053,PETR4
var_dolar,0,-0.5180253000607247,PETR4
delta_ipca,0,-0.18676033012902837,PETZ3
delta_selic,4,-0.1683392025032846,PETZ3
ibc_var,2,0.2644158470810857,PETZ3
var_dolar,0,-0.32240029139370013,PETZ3
delta_ipca,1,0.11390592109075252,PFRM3
delta_selic,4,-0.17281017989173947,PFRM3
ibc_var,2,-0.17093274786507445,PFRM3
var_dolar,0,-0.31861968311110234,PFRM3
delta_ipca,6,0.10427480273264408,PGMN3
delta_selic,6,-0.18453517703319125,PGMN3
ibc_var,3,0.3290894802971138,PGMN3
var_dolar,0,-0.2964314236048922,PGMN3
delta_ipca,2,-0.20164253379385522,PINE4
delta_selic,5,0.07266355465849006,PINE4
ibc_var,1,-0.18217052502705292,PINE4
var_dolar,0,-0.28897313222009396,PINE4
delta_ipca,1,-0.19027683307986007,PLAS3
delta_selic,0,0.10875980682402112,PLAS3
ibc_var,4,0.2159625703352661,PLAS3
var_dolar,0,-0.46053456896405875,PLAS3
delta_ipca,6,-0.26896191218234644,PLPL3
delta_selic,4,-0.2775729829882642,PLPL3
ibc_var,3,0.17574271475641629,PLPL3
var_dolar,3,0.4415551953351357,PLPL3
delta_ipca,2,0.16103539812389786,PMAM3
delta_selic,4,-0.16768454700615024,PMAM3
ibc_var,1,-0.22926625819814556,PMAM3
var_dolar,0,-0.29164420206862146,PMAM3
delta_ipca,5,-0.290058055716452,PMET6
delta_selic,3,0.3606211487934798,PMET6
ibc_var,2,-0.34855654108351647,PMET6
var_dolar,0,-0.3476740345086735,PMET6
delta_ipca,2,-0.16389005884433355,PNVL3
delta_selic,0,-0.052251083064440304,PNVL3
ibc_var,1,-0.23964831432092593,PNVL3
var_dolar,0,-0.2916712041746599,PNVL3
delta_ipca,5,0.194464700626491,POMO4
delta_selic,4,-0.1527620690797715,POMO4
ibc_var,6,-0.1326373924844584,POMO4
var_dolar,0,-0.3638794611046145,POMO4
delta_ipca,4,-0.27097190662215775,PORT3
delta_selic,5,0.18936169111685383,PORT3
ibc_var,3,0.458741153808999,PORT3
var_dolar,0,-0.47873939097605156,PORT3
delta_ipca,6,0.13598561489743372,POSI3
delta_selic,4,-0.175762217015211,POSI3
ibc_var,1,-0.2584274087722328,POSI3
var_dolar,0,-0.3730109398435594,POSI3
delta_ipca,6,-0.18431805290049336,PRBC4
delta_selic,4,-0.099402207014415,PRBC4
ibc_var,5,-0.31747164985361614,PRBC4
var_dolar,0,-0.3887858980703105,PRBC4
delta_ipca,4,-0.19861075413779078,PRIO3
delta_selic,6,-0.11947005663595978,PRIO3
ibc_var,4,0.2015785213420854,PRIO3
var_dolar,0,-0.4384530045492598,PRIO3
delta_ipca,6,-0.12060338318405464,PRML3
delta_selic,4,-0.1569772193962192,PRML3
ibc_var,3,0.44621525743187923,PRML3
var_dolar,2,0.44041233396142104,PRML3
delta_ipca,2,-0.1962443437338755,PRNR3
delta_selic,1,-0.10067871157458001,PRNR3
ibc_var,4,0.28809592762781916,PRNR3
var_dolar,0,-0.48222516638122465,PRNR3
delta_ipca,2,-0.19218268835910887,PRVI3
delta_selic,6,-0.3494544849805081,PRVI3
ibc_var,2,-0.33058129988010276,PRVI3
var_dolar,3,0.3235322607564261,PRVI3
delta_ipca,3,0.12693685383873998,PSSA3
delta_selic,4,-0.19208865950643106,PSSA3
ibc_var,0,0.13051542809039512,PSSA3
var_dolar,0,-0.3031316452006976,PSSA3
delta_ipca,4,-0.077573172643495,PTBL3
delta_selic,6,-0.19145376560598806,PTBL3
ibc_var,0,0.2082623162451272,PTBL3
var_dolar,0,-0.40392427874621495,PTBL3
delta_ipca,1,0.22179585017969444,PTNT4
delta_selic,0,-0.12438774981490874,PTNT4
ibc_var,0,0.23274757915708366,PTNT4
var_dolar,0,-0.2754359447443102,PTNT4
delta_ipca,4,-0.21697851351098757,QUAL3
delta_selic,3,-0.08360369718911807,QUAL3
ibc_var,1,-0.14170941058261227,QUAL3
var_dolar,0,-0.3116467917748401,QUAL3
delta_ipca,4,-0.21792699159948684,RADL3
delta_selic,0,-0.11801575595835406,RADL3
ibc_var,2,-0.18041657757486101,RADL3
var_dolar,0,-0.1664235845964373,RADL3
delta_ipca,1,-0.1630277590006922,RAIL3
delta_selic,1,-0.1942082939636233,RAIL3
ibc_var,6,-0.27759790098710985,RAIL3
var_dolar,5,-0.3244337219513257,RAIL3
delta_ipca,6,0.24585557282054551,RAIZ4
delta_selic,4,-0.30856670201392955,RAIZ4
ibc_var,4,-0.439284525529154,RAIZ4
var_dolar,0,-0.39702269107730276,RAIZ4
delta_ipca,6,0.1861789547029495,RANI3
delta_selic,2,0.19614369666515286,RANI3
ibc_var,0,0.31136209186426517,RANI3
var_dolar,0,-0.4561460763842775,RANI3
delta_ipca,2,-0.18760474903669527,RAPT4
delta_selic,3,-0.15834461434615404,RAPT4
ibc_var,5,-0.1974108420074968,RAPT4
var_dolar,0,-0.4293378876893199,RAPT4
delta_ipca,1,0.25434737701453963,RCSL3
delta_selic,5,-0.22763071797012238,RCSL3
ibc_var,5,-0.25954057608609715,RCSL3
var_dolar,0,-0.22527876848799902,RCSL3
delta_ipca,6,0.11151229589734023,RDNI3
delta_selic,6,-0.16345331195742996,RDNI3
ibc_var,0,0.35643712919394616,RDNI3
var_dolar,0,-0.43939530232425544,RDNI3
delta_ipca,4,-0.2756188412446264,RDOR3
delta_selic,6,-0.24725961093651488,RDOR3
ibc_var,3,0.3733785167591722,RDOR3
var_dolar,0,-0.32745030287858157,RDOR3
delta_ipca,3,0.1870865147305248,RDTR3
delta_selic,5,0.14182856378976638,RDTR3
ibc_var,4,0.43149315929092247,RDTR3
var_dolar,3,0.4377793282096701,RDTR3
delta_ipca,2,-0.3932654981623143,RECV3
delta_selic,5,0.21766622062617036,RECV3
ibc_var,1,-0.35911331988124484,RECV3
var_dolar,5,-0.3024383833751118,RECV3
delta_ipca,0,-0.20150048359580078,REDE3
delta_selic,0,-0.18699301692169665,REDE3
ibc_var,3,-0.14528025300278682,REDE3
var_dolar,2,0.21008525109961573,REDE3
delta_ipca,4,-0.17283940132419517,RENT3
delta_selic,4,-0.07245562309953135,RENT3
ibc_var,0,0.1340614927844489,RENT3
var_dolar,0,-0.41576950286074515,RENT3
delta_ipca,3,-0.27038925124262486,RHDS3
delta_selic,6,-0.1481237924617744,RHDS3
ibc_var,3,-0.3690323680304755,RHDS3
var_dolar,4,0.2661525821764363,RHDS3
delta_ipca,5,0.14513284374528734,RIAA3
delta_selic,4,-0.17050172571568312,RIAA3
ibc_var,0,0.17991612735646667,RIAA3
var_dolar,0,-0.47245603608034015,RIAA3
delta_ipca,2,-0.23535854379551296,RJCP3
delta_selic,0,0.3659601413034767,RJCP3
ibc_var,2,-0.2871669276973307,RJCP3
var_dolar,3,-0.30845346880063007,RJCP3
delta_ipca,3,-0.32303894487896995,RLOG3
delta_selic,1,-0.3308158625575316,RLOG3
ibc_var,0,0.24290137470649045,RLOG3
var_dolar,0,-0.49791150708239956,RLOG3
delta_ipca,4,0.2433980320569083,RNEW11
delta_selic,3,-0.13607158861591495,RNEW11
ibc_var,4,0.1962403730897627,RNEW11
var_dolar,0,-0.2100528055314554,RNEW11
delta_ipca,3,-0.09102399595951012,ROMI3
delta_selic,1,-0.17115384194132902,ROMI3
ibc_var,1,-0.22097377717424121,ROMI3
var_dolar,0,-0.2314199295246233,ROMI3
delta_ipca,3,-0.38046368928372654,RPAD5
delta_selic,3,0.3775739140702341,RPAD5
ibc_var,6,0.301832930520556,RPAD5
var_dolar,6,-0.4455827001191169,RPAD5
delta_ipca,3,0.14608081493848113,RPMG3
delta_selic,4,-0.08358489448631785,RPMG3
ibc_var,1,-0.09463609667457669,RPMG3
var_dolar,0,-0.22980108587751005,RPMG3
delta_ipca,4,-0.10380255773733199,RSID3
delta_selic,0,-0.18116491470616222,RSID3
ibc_var,0,0.181815518017224,RSID3
var_dolar,0,-0.4160206135294489,RSID3
delta_ipca,5,0.24657970193711043,RSIP3
delta_selic,1,0.21708166350478278,RSIP3
ibc_var,1,-0.2387126950578458,RSIP3
var_dolar,3,0.5118431138281783,RSIP3
delta_ipca,2,-0.1811613452391944,RSUL4
delta_selic,0,0.2628243027373683,RSUL4
ibc_var,2,-0.4641512859120684,RSUL4
var_dolar,2,0.5111493190421421,RSUL4
delta_ipca,5,0.08451487397226708,SANB11
delta_selic,4,-0.13427037795277522,SANB11
ibc_var,0,0.17320531020564128,SANB11
var_dolar,0,-0.4910798202060644,SANB11
delta_ipca,5,0.24408813406069133,SAPR11
delta_selic,3,0.10515557163869758,SAPR11
ibc_var,6,-0.2269700595644873,SAPR11
var_dolar,0,-0.5263448575387663,SAPR11
delta_ipca,0,-0.18898979397923163,SBFG3
delta_selic,6,-0.21907693833514308,SBFG3
ibc_var,1,-0.16034622771462573,SBFG3
var_dolar,0,-0.36297220556968185,SBFG3
delta_ipca,5,0.21501277888506043,SBSP3
delta_selic,4,-0.06289984809869828,SBSP3
ibc_var,3,0.2648873846069354,SBSP3
var_dolar,0,-0.39849442071268604,SBSP3
delta_ipca,6,0.13921868132879894,SCAR3
delta_selic,3,-0.17043127983500544,SCAR3
ibc_var,6,-0.3129963151358111,SCAR3
var_dolar,0,-0.3925370386159251,SCAR3
delta_ipca,4,0.3673307092182308,SEDU3
delta_selic,3,-0.3612911844716917,SEDU3
ibc_var,6,0.3178123411486435,SEDU3
var_dolar,0,0.33142864271989264,SEDU3
delta_ipca,5,0.2661074393368423,SEER3
delta_selic,4,-0.09517523628347477,SEER3
ibc_var,4,0.12341910153602623,SEER3
var_dolar,0,-0.3214765221880307,SEER3
delta_ipca,6,-0.2574300356286769,SEQL3
delta_selic,5,0.1855473323711911,SEQL3
ibc_var,4,-0.3846058550469688,SEQL3
var_dolar,0,-0.3262962238999899,SEQL3
delta_ipca,4,-0.24452182827357055,SFSA4
delta_selic,0,-0.14232425247212488,SFSA4
ibc_var,6,-0.23337097026170747,SFSA4
var_dolar,2,0.41847726032683386,SFSA4
delta_ipca,4,-0.1592713033320506,SGPS3
delta_selic,5,-0.15093525583726627,SGPS3
ibc_var,1,-0.18297423294288315,SGPS3
var_dolar,0,-0.35528719699707206,SGPS3
delta_ipca,3,0.1823953496563782,SHOW3
delta_selic,4,-0.07379293619892717,SHOW3
ibc_var,1,-0.27333180217838454,SHOW3
var_dolar,0,-0.4736211434724072,SHOW3
delta_ipca,0,-0.1639984301263267,SHUL4
delta_selic,5,-0.09449990250459613,SHUL4
ibc_var,0,0.17829216048932275,SHUL4
var_dolar,0,-0.3323195817663079,SHUL4
delta_ipca,5,0.26472127421204567,SIMH3
delta_selic,6,-0.17197053456440703,SIMH3
ibc_var,6,-0.2968475297234875,SIMH3
var_dolar,0,-0.31523701344615085,SIMH3
delta_ipca,1,-0.18951798940770245,SLCE3
delta_selic,4,-0.20444448346636637,SLCE3
ibc_var,0,-0.10421543744501231,SLCE3
var_dolar,1,0.22877617094114788,SLCE3
delta_ipca,6,0.32853746687851465,SLED4
delta_selic,4,-0.20784765512429185,SLED4
ibc_var,1,-0.2567942809619609,SLED4
var_dolar,0,-0.25633240001317537,SLED4
delta_ipca,3,0.3500953657502041,SMFT3
delta_selic,6,-0.18064074527173982,SMFT3
ibc_var,3,0.3578163641005182,SMFT3
var_dolar,0,-0.6012552720038982,SMFT3
delta_ipca,4,0.244373136902881,SMLE3
delta_selic,6,0.4531928755320652,SMLE3
ibc_var,2,0.15300794870813206,SMLE3
var_dolar,0,-0.6323140977509346,SMLE3
delta_ipca,1,0.506483613766547,SMLS3
delta_selic,4,-0.3332919265037078,SMLS3
ibc_var,0,0.3571623686660003,SMLS3
var_dolar,0,-0.4206067858569134,SMLS3
delta_ipca,2,-0.1520689044457896,SMTO3
delta_selic,6,-0.14024874850794453,SMTO3
ibc_var,1,-0.11292468573447631,SMTO3
var_dolar,0,-0.2609533416389792,SMTO3
delta_ipca,0,0.1286492517785472,SNSY5
delta_selic,3,-0.107425981578156,SNSY5
ibc_var,0,0.2615469092583379,SNSY5
var_dolar,6,-0.20559234174062982,SNSY5
delta_ipca,2,-0.2898771762058041,SOJA3
delta_selic,4,-0.2578791644961049,SOJA3
ibc_var,6,-0.2574609495416216,SOJA3
var_dolar,6,0.09930047581209987,SOJA3
delta_ipca,1,-0.22788682975381833,SOMA3
delta_selic,0,0.29122999111152775,SOMA3
ibc_var,3,0.24642974769442222,SOMA3
var_dolar,0,-0.5958306522720244,SOMA3
delta_ipca,5,-0.28049052214102393,SPRI3
delta_selic,1,-0.20367313643309357,SPRI3
ibc_var,0,-0.4047941684692328,SPRI3
var_dolar,6,0.25667898178216647,SPRI3
delta_ipca,2,-0.24502085572275545,SQIA3
delta_selic,0,-0.222966246791547,SQIA3
ibc_var,4,0.20397295192519665,SQIA3
var_dolar,0,-0.3053536977443137,SQIA3
delta_ipca,1,-0.5056022855067652,SRNA3
delta_selic,0,0.41166715336270543,SRNA3
ibc_var,3,0.3348745299160057,SRNA3
var_dolar,0,-0.4500882605038346,SRNA3
delta_ipca,0,0.14731783159783002,STBP3
delta_selic,1,0.15390024811224748,STBP3
ibc_var,4,0.32909592306173485,STBP3
var_dolar,0,-0.5601204960838128,STBP3
delta_ipca,5,-0.28110580926940965,SULT4
delta_selic,6,0.21791103854985913,SULT4
ibc_var,6,-0.37265174582741634,SULT4
var_dolar,4,0.2668669452761621,SULT4
delta_ipca,3,-0.1963566176825868,SUZB3
delta_selic,1,-0.08590359718152435,SUZB3
ibc_var,3,-0.237052255348784,SUZB3
var_dolar,3,0.26462406817968503,SUZB3
delta_ipca,5,0.16024048171145425,SYNE3
delta_selic,4,-0.1329039846007827,SYNE3
ibc_var,0,0.20433605342937508,SYNE3
var_dolar,0,-0.29958329005900713,SYNE3
delta_ipca,5,0.18821190249161243,TAEE11
delta_selic,4,-0.15434535613274303,TAEE11
ibc_var,6,-0.3399145007082099,TAEE11
var_dolar,0,-0.23891688472373412,TAEE11
delta_ipca,1,-0.13657645010829778,TASA4
delta_selic,3,-0.3555253489437522,TASA4
ibc_var,5,-0.295039497246422,TASA4
var_dolar,0,-0.29407245372418345,TASA4
delta_ipca,4,0.13253130690832435,TCNO4
delta_selic,2,0.09244067642783124,TCNO4
ibc_var,1,-0.19551155405979498,TCNO4
var_dolar,0,-0.2411861094746493,TCNO4
delta_ipca,2,-0.14209232668322755,TCSA3
delta_selic,2,0.061888442924521204,TCSA3
ibc_var,1,-0.27130761497980554,TCSA3
var_dolar,0,-0.4401877803402206,TCSA3
delta_ipca,6,0.2043831292633151,TECN3
delta_selic,1,0.17981221825350147,TECN3
ibc_var,0,0.20961530187388203,TECN3
var_dolar,0,-0.49199032474376525,TECN3
delta_ipca,2,-0.1381412450306441,TEKA4
delta_selic,6,-0.08338143104889027,TEKA4
ibc_var,1,-0.22047965042493753,TEKA4
var_dolar,0,-0.28239636227425957,TEKA4
delta_ipca,2,-0.12468366990196812,TELB4
delta_selic,0,-0.11165954593528285,TELB4
ibc_var,2,-0.25949459016808823,TELB4
var_dolar,5,-0.2081470071647411,TELB4
delta_ipca,2,-0.33846682956526325,TEMP3
delta_selic,6,0.27553759052444615,TEMP3
ibc_var,2,-0.3921102805799344,TEMP3
var_dolar,1,-0.2631006396830318,TEMP3
delta_ipca,5,0.2447007667257007,TEND3
delta_selic,4,-0.27023727936216957,TEND3
ibc_var,1,-0.14436604964263192,TEND3
var_dolar,0,-0.2482163238602239,TEND3
delta_ipca,4,-0.399754860586674,TERI3
delta_selic,0,-0.23646575751742552,TERI3
ibc_var,1,0.20573396801305852,TERI3
var_dolar,4,-0.2857347910428646,TERI3
delta_ipca,4,0.20974216750090396,TESA3
delta_selic,1,0.18632236162455557,TESA3
ibc_var,6,-0.40949324293917805,TESA3
var_dolar,0,-0.5774250812941493,TESA3
delta_ipca,2,-0.25846898092276877,TFCO4
delta_selic,2,0.11815559381763853,TFCO4
ibc_var,1,-0.22939345380343948,TFCO4
var_dolar,0,-0.5469088216727404,TFCO4
delta_ipca,1,0.22718122896766246,TGMA3
delta_selic,0,-0.11591134571387869,TGMA3
ibc_var,0,0.26840809878927435,TGMA3
var_dolar,0,-0.5577492986700299,TGMA3
delta_ipca,2,-0.21841532595379695,TIET11
delta_selic,1,0.236648671297091,TIET11
ibc_var,1,-0.3053259791338101,TIET11
var_dolar,0,-0.5169415342739694,TIET11
delta_ipca,6,0.12520459636953998,TIMS3
delta_selic,0,0.159223611135065,TIMS3
ibc_var,4,0.22243669457047,TIMS3
var_dolar,0,-0.3843914153406805,TIMS3
delta_ipca,1,-0.15416638035563204,TOKY3
delta_selic,0,-0.2785222894249849,TOKY3
ibc_var,1,-0.39217900900131647,TOKY3
var_dolar,5,-0.46188749043985144,TOKY3
delta_ipca,6,0.11635327131663462,TOTS3
delta_selic,5,-0.10509085918767706,TOTS3
ibc_var,0,0.15927771051881195,TOTS3
var_dolar,0,-0.2450147490169491,TOTS3
delta_ipca,3,-0.1699620560501536,TOYB4
delta_selic,0,-0.13349093362437742,TOYB4
ibc_var,6,0.27200186597002707,TOYB4
var_dolar,0,-0.23807201641170928,TOYB4
delta_ipca,1,0.17918246319670195,TPIS3
delta_selic,5,-0.23470330934233605,TPIS3
ibc_var,4,0.2238691946903604,TPIS3
var_dolar,0,-0.29512108074689625,TPIS3
delta_ipca,6,0.2650858994199456,TRAD3
delta_selic,4,-0.3681818361798944,TRAD3
ibc_var,3,0.5855738650587902,TRAD3
var_dolar,6,-0.15719439747017375,TRAD3
delta_ipca,5,0.07042058926285868,TRIS3
delta_selic,4,-0.20573012186092512,TRIS3
ibc_var,2,-0.2261026267588331,TRIS3
var_dolar,0,-0.351305199456716,TRIS3
delta_ipca,6,0.3515576516872989,TRPN3
delta_selic,0,0.25255201167849645,TRPN3
ibc_var,4,0.23495164885022274,TRPN3
var_dolar,2,0.11258881110217846,TRPN3
delta_ipca,3,0.40417265628369897,TTEN3
delta_selic,5,0.14489582572628656,TTEN3
ibc_var,3,0.29916807518170974,TTEN3
var_dolar,5,-0.24307567236801675,TTEN3
delta_ipca,5,0.19256774672401133,TUPY3
delta_selic,4,-0.1275727193160667,TUPY3
ibc_var,0,0.24722132391455734,TUPY3
var_dolar,2,0.15143225796332585,TUPY3
delta_ipca,2,-0.21828610835546214,TXRX4
delta_selic,5,-0.1410204069944928,TXRX4
ibc_var,1,-0.23768802445978887,TXRX4
var_dolar,0,-0.30019312138605997,TXRX4
delta_ipca,0,-0.12221336561808231,UCAS3
delta_selic,4,-0.1316626023332673,UCAS3
ibc_var,1,-0.15684862036421285,UCAS3
var_dolar,0,-0.3161148644611921,UCAS3
delta_ipca,5,0.1592756076858687,UGPA3
delta_selic,5,0.1137230415700188,UGPA3
ibc_var,6,-0.251143132371057,UGPA3
var_dolar,0,-0.21753036841883114,UGPA3
delta_ipca,3,0.06403218226227814,UNIP6
delta_selic,6,-0.30937967030462116,UNIP6
ibc_var,6,-0.22495211738456905,UNIP6
var_dolar,0,-0.28882713234225604,UNIP6
delta_ipca,1,0.13469224461784352,USIM5
delta_selic,2,-0.23758109384963427,USIM5
ibc_var,5,-0.13031069198935452,USIM5
var_dolar,0,-0.3535700826915126,USIM5
delta_ipca,1,0.24439732024765765,VALE3
delta_selic,0,-0.1575471037058627,VALE3
ibc_var,5,-0.18028627982669496,VALE3
var_dolar,0,-0.2133800323620217,VALE3
delta_ipca,6,-0.18612489900646495,VAMO3
delta_selic,1,0.0949529217464574,VAMO3
ibc_var,6,-0.31175591983441764,VAMO3
var_dolar,3,0.31568011779814553,VAMO3
delta_ipca,5,0.230644048512882,VBBR3
delta_selic,4,-0.15477204495634117,VBBR3
ibc_var,1,-0.14636655087750128,VBBR3
var_dolar,0,-0.4024147098298477,VBBR3
delta_ipca,2,-0.2509309920040807,VITT3
delta_selic,3,0.38291889573904003,VITT3
ibc_var,3,0.3689564817359419,VITT3
var_dolar,2,0.2848895084605,VITT3
delta_ipca,0,-0.19934595989007822,VIVA3
delta_selic,4,-0.1629529989406129,VIVA3
ibc_var,0,0.2215158822778386,VIVA3
var_dolar,0,-0.44906910986386367,VIVA3
delta_ipca,2,-0.20309754752330653,VIVR3
delta_selic,6,-0.13490974898571698,VIVR3
ibc_var,4,0.14626638530102412,VIVR3
var_dolar,0,-0.43110804193215335,VIVR3
delta_ipca,2,-0.10763083246882395,VIVT4
delta_selic,4,0.17992621973869252,VIVT4
ibc_var,2,-0.3050261768164228,VIVT4
var_dolar,0,-0.5603154590861641,VIVT4
delta_ipca,5,0.25712132681911576,VLID3
delta_selic,0,0.14750290354658505,VLID3
ibc_var,6,-0.21747753561918065,VLID3
var_dolar,0,-0.2613151523786704,VLID3
delta_ipca,3,0.1869668130287028,VSTE3
delta_selic,5,0.1577021225380122,VSTE3
ibc_var,0,0.26003558479603606,VSTE3
var_dolar,0,-0.3084156085318243,VSTE3
delta_ipca,2,-0.09202749723887259,VULC3
delta_selic,0,0.1252525480097053,VULC3
ibc_var,0,0.2051410600181343,VULC3
var_dolar,0,-0.32113757534358023,VULC3
delta_ipca,5,0.30299084784380476,VVEO3
delta_selic,6,0.4114338872975389,VVEO3
ibc_var,1,-0.3820663405438611,VVEO3
var_dolar,5,-0.3268905766107764,VVEO3
delta_ipca,0,-0.16292669466722542,WDCN3
delta_selic,5,-0.23325819823822783,WDCN3
ibc_var,1,-0.36711529113252717,WDCN3
var_dolar,5,0.3475139619887225,WDCN3
delta_ipca,4,-0.24841757690126248,WEGE3
delta_selic,0,-0.21772311051150808,WEGE3
ibc_var,2,-0.29399529841273037,WEGE3
var_dolar,5,-0.193585092665385,WEGE3
delta_ipca,6,0.36814361280528574,WEST3
delta_selic,5,-0.1854714525947116,WEST3
ibc_var,5,0.22111057976378534,WEST3
var_dolar,2,0.29446053894629254,WEST3
delta_ipca,6,0.20482314441110855,WHRL4
delta_selic,4,-0.20594344835815637,WHRL4
ibc_var,0,0.16661940691275187,WHRL4
var_dolar,0,-0.18928454420625865,WHRL4
delta_ipca,6,0.15850260799780044,WIZC3
delta_selic,0,0.30835588437890354,WIZC3
ibc_var,5,0.3018458566980866,WIZC3
var_dolar,0,-0.38804300116632545,WIZC3
delta_ipca,6,0.25343785900776683,WLMM4
delta_selic,4,-0.2638561092608769,WLMM4
ibc_var,0,0.2265943679073868,WLMM4
var_dolar,0,-0.21076008498678778,WLMM4
delta_ipca,5,0.21942333591697294,YDUQ3
delta_selic,4,-0.17904723542441103,YDUQ3
ibc_var,3,0.18018179450207614,YDUQ3
var_dolar,0,-0.27081323879542973,YDUQ3
delta_ipca,2,-0.2806109751175293,ZAMP3
delta_selic,2,0.2765438681874435,ZAMP3
ibc_var,0,0.12872415255603137,ZAMP3
var_dolar,0,-0.3418803133344981,ZAMP3
