ticker,delta_ipca_lag,delta_selic_lag,ibc_var_lag,var_dolar_lag
AALR3,-0.023244316708962057,0.09479382628211014,0.7693061692169046,-1.3358581227675366
ABCB4,0.007888337628350504,0.009037113655981172,0.34625294058491396,-1.4340865327743875
ABEV3,0.011723747408742371,-0.022848477538466187,0.6799593758293061,-0.4964462997368207
ADHM3,-0.20837504843981589,0.0754273303314665,-0.30437115069983367,1.3971430749309033
AEDU3,0.15327926623547075,-0.16476769071337677,-6.287316831008726,-1.2999073667304286
AELP3,-0.12615558780646427,0.12359913872151626,-1.3935988908397072,1.5720534042556449
AERI3,-0.14064203971401182,0.07498978394960705,-3.853164776641289,2.0763200252300433
AFLT3,0.11060889872947642,-0.026655946104689368,1.5068246724978318,1.0269555581304814
AGRO3,-0.033098614881071554,-0.04370776977687002,1.6932761245262617,0.4063277277958909
AGXY3,-0.14375288357629484,0.20743758450614572,-3.306060932177674,2.248662696156769
ALLD3,-0.06575219061177966,-0.07771725329666278,3.9652940080588817,-1.7959199405282502
ALOS3,0.03315243950805242,-0.01976986413739349,0.47803322676038673,-1.2170394733766057
ALPA4,-0.08237224274264329,-0.06785122339687505,-0.7630311267622166,-0.8111169678732284
ALPK3,0.05189910798346119,-0.15287631244004746,6.285428779059123,-3.226419236971714
ALSC3,-0.007044725820603799,-0.024499378152771954,0.962009676933977,-1.018369295105379
ALUP11,-0.05264053656755489,0.023717176956509108,0.6349520419149122,-0.6244677315256334
AMAR3,0.09495573975026005,-0.1128698390914171,0.615776197727768,-2.3138963639149526
AMBP3,-0.7531644894976999,-0.5145000183647136,14.240004370575466,1.818152021206351
AMBV4,-0.07519864956221411,-0.033936742626658266,4.248990177919603,0.19704408828627668
AMER3,-0.2156816608141656,-0.1381654356418093,1.4258758907268536,-0.9359920003056841
AMIL3,0.07843053137736292,-0.08827229206417615,-4.286708450584085,-1.0173667701772207
ANIM3,-0.11482654166278358,-0.06560142907162869,1.1201876799731907,-2.1076287747101716
APER3,0.019592784734116006,-0.06548510865451024,-2.012492280786362,-1.7624061927521757
ARML3,-0.054734365122316476,0.04785538724121849,-8.514386556435156,2.1534890375436957
ARND3,-0.20548802537245048,-0.15439467502065826,6.1592226994740775,1.560338029180212
ARTR3,0.06392985796795389,0.014219178531945232,-3.2645700153975956,-0.26970709556765626
ASAI3,0.06480523130662792,0.05783701874112537,5.068893413578483,-1.1192766282555096
AURE3,-0.05065323700885403,0.053215822647005,-0.8325445367889646,0.3919332708474908
AUTM3,0.048512130702692176,-0.06823072665968892,-1.771821103617438,-1.009670793396711
AVLL3,-0.29886302224722094,-0.29386921621706275,-9.19779409334911,-3.654910247729837
AXIA3,-0.07382737635229442,0.038624054889924965,-1.104406486548343,-1.7220656305914495
AZEV4,0.08980819489708132,-0.1353631702966534,-3.1075483615254633,-3.1201985660511333
AZUL4,-0.0676018600086163,-0.13995332599252788,-2.01718807177619,-3.6523419705831017
AZZA3,-0.04848319415004748,-0.05068663988523302,-1.1103447661996724,-1.3728215526513654
B3SA3,-0.07414473349344611,0.017988375562663774,-0.6408291452811052,-1.3131759854907292
BALM4,-0.03423774068802292,-0.11580432325096521,0.606064869956521,-1.5084181501388378
BAUH4,0.060488155980258536,-0.056891152202458405,1.106446736351536,0.6314916025604593
BAZA3,0.034854755753293915,0.030156469056175753,-0.7885747160957594,-0.48464400758272486
BBAS3,-0.05277765356155138,0.005143450009895648,-0.6093020529936561,-2.0363184946769453
BBDC4,0.04782995609874966,0.012295625893320207,-1.3655288943822903,-1.427012721566007
BBSE3,-0.0362189552080611,0.00860371648452973,0.6735563102426172,-0.918219566725911
BDLL4,0.08740015454001586,0.02567035224560069,1.1219981602645714,-1.746014748163663
BEEF3,-0.06723767213635216,0.033385516579342946,-1.6428332849523257,-0.3258196169970049
BEES3,-0.01845634439837896,0.018683860614241647,-0.7316585968353212,-0.9525491240378072
BEMA3,0.045976157006953976,-0.1295753423871288,2.2730003672099386,0.7372891900735807
BGIP4,-0.011943354224582125,-0.02955768438516366,1.33275353319282,-1.198116649513555
BHGR3,0.08005382251509714,-0.07073364448460606,-3.039097460253795,0.5111201995347154
BHIA3,0.2609822662676256,-0.1243496812425218,-3.1750586308878264,-2.9318240144508225
BICB4,-0.12764894601173343,0.13095910796024435,-3.961890345301412,-1.016299015351501
BIED3,-0.058344699646815115,0.05963189993248834,-3.2384218938239564,0.4984891381817839
BIOM3,0.08870659065611042,-0.11313929307088263,0.47295307314096124,-0.6086899080223223
BISA3,-0.06785328305501484,0.08274460463225546,-4.869903457933577,-1.197019339777949
BLAU3,0.05386552454818724,0.09397699919469091,-3.129942669164324,0.9663467556660528
BLUT4,0.1711171733813373,0.0715049354929946,2.5264573300265654,-1.6625607193114411
BMEB4,0.01914522032743512,-0.05702534864937047,1.1982819184411757,-0.3318768933810639
BMGB4,0.040164112563020764,-0.05722835471013493,-1.1309667105061736,-1.1546121595724517
BMIN4,-0.043828091226375196,0.06044859143472175,-1.2023940762389673,-1.0675270617607904
BMKS3,0.023828641253297984,0.03783452072326891,1.1442651751623336,-0.27182042053747685
BMOB3,0.09881738529356396,0.049245574784901394,1.4394370148642854,-1.71314550734854
BMTO4,0.07914378468001818,-0.047190897271568506,0.2576313147622512,-0.47346565088240733
BNBR3,-0.022170044901567307,-0.09670818576193738,0.8957457871735468,-0.5677523809411739
BOBR4,-0.037183614150815475,-0.09527555901556474,-1.8376930473804203,-1.2736147962313955
BPAC11,-0.07733961633472637,-0.05031529025589943,-1.9177200023911403,-1.9132647840844452
BPAN4,0.0801114121608436,-0.08302184453688333,1.570548028449844,-1.798523486614879
BPHA3,0.17578801577210862,-0.08153314227489245,-7.121512150276473,-1.813607139883576
BRAP4,0.06751701621869244,-0.04554459351484631,-0.8295602170672278,-1.07734768231202
BRAV3,-0.15013408258147892,0.03641746053333428,-6.382514941398366,-2.585755931926247
BRBI11,-0.05537739979434367,-0.014154001974901569,-3.105268424103731,-2.53258423649027
BRFS3,0.063072307654474,-0.022662811142438143,-1.3228574016329027,-0.525210188731164
BRIT3,0.06639326139506227,-0.14447208996775499,8.239868700931606,-4.617559048913085
BRIV4,0.016867880669936244,0.03198498996933709,1.3557511666085018,0.36891182631049835
BRKM5,-0.07513437545028981,-0.07769772246526455,-1.0046341127795917,-0.4552297766207603
BRML3,0.0030632626471816847,0.011921331229372684,-1.5509929439180574,-1.3176391156915659
BRPR3,0.05214458895973301,-0.01286761465193243,1.0605396745758973,-0.483533104124085
BRSR6,-0.016409742602784324,0.007743955725717326,0.39522707702613014,-2.076077493704622
BSEV3,0.2082259983637231,0.07818316774963008,0.24879378182083223,-2.0362846175283607
BSLI3,0.32518616911672993,-0.0749642677800706,-1.8568809984654715,-0.4090566420050864
CAMB3,0.059158395501517795,-0.014566124564330464,-0.40929723991301104,-1.330015787546399
CAML3,-0.055306441143482384,-0.01652126540474638,-0.8567059903974972,0.17531334657693737
CASH3,0.07071149900591145,-0.14136811398139326,-1.9234988882212707,-2.079962335287889
CBAV3,0.053811447015240634,-0.038495485669182095,4.756751811717878,2.387878913453806
CBEE3,-0.148847643697954,-0.08056787696213413,-0.5369821859785391,1.1748445206885627
CCHI3,-0.5426604142742654,-0.028108145857388828,9.4757870743386,2.02679105298464
CCXC3,0.10186256086369946,0.05874423930982118,-7.285300236252937,1.097228564396561
CEAB3,-0.034296935947309634,-0.1620809639484462,1.7485867326443723,-2.5945627250473735
CEBR6,-0.07889561604957332,-0.038362615005529704,2.5521195598316866,0.6100341812668554
CEDO4,0.09543802721688155,-0.0889490584482912,-1.348234632312924,-2.019681769612913
CEEB3,-0.029480205103150487,0.028968133723448156,-2.3532196815937207,-0.4896554337461245
CESP6,-0.05484570723195866,-0.0036229180125085005,0.48633894591594995,-0.9196070946174201
CGAS5,0.019592298423492357,0.017887546629968325,0.9076385676747005,-0.48243856385506684
CGRA4,0.03078571872765059,0.012578144986906303,0.3989531558755687,-0.6778758649063029
CIEL3,0.08414534362849828,0.026390768031299083,-1.5643606519041433,-0.9679680069435186
CLSA3,-0.013235524015749643,-0.018057945774084008,9.027337106752316,2.277091674301502
CLSC4,0.02455288042190789,0.0014334043042493697,0.978832427409204,-0.5720140565332568
CMIG4,-0.007801980616672269,0.004306444548757454,0.9219707237790797,-1.5629402016586915
CMIN3,0.13895692141673385,-0.04604397834480563,-1.3212001408361798,-1.767495264751788
COCE5,0.03214726422823754,-0.020097855446830785,-0.6996201106241792,-0.5642627185247775
COGN3,0.1352898319631729,0.042172650601771014,1.2362531257107015,-1.7483725509759034
CPFE3,-0.03494652619308972,0.01771104462193802,0.6466529266768508,-0.6674308364736026
CPLE6,-0.05889842407291336,0.03787130529076132,-1.5815122387257012,-0.9816101796631337
CPRE3,0.0956467549521533,-0.0427078105494588,2.175828471196429,-0.2288415684408997
CREM3,-0.09856168839482798,-0.0722519077178285,2.891335727468854,0.5616277235652262
CRFB3,-0.07351600229415682,-0.024809405048324656,0.8859135422828819,-0.8518902479543917
CRIV4,0.03706500104774401,-0.03016709701923997,0.8635302770963422,0.2774275469038495
CRPG5,0.07045638173930809,-0.12303130592353699,-1.6976137952874817,-0.7977911526897086
CRUZ3,-0.04041319999442775,-0.04910178540324066,0.7031696339206707,0.47956488012930665
CSAN3,-0.06822579119566616,-0.03802644874597841,1.8690601713691928,-0.9148249713089749
CSED3,-0.006973241664797247,-0.042065076683266346,2.7021637052275,-1.8777623272173827
CSMG3,0.03524433953261774,-0.04337668729393472,1.47694310177201,-1.1541686321649944
CSNA3,0.11148831496045125,-0.041996399532570214,-1.1556533757268115,-1.2281150724553886
CSRN3,-0.10607436341352591,0.09030776330801317,1.7140647007196017,-0.792926131323118
CSUD3,0.050322256665355794,-0.05954679305139959,-1.6606373711528355,-0.9738359832992791
CTAX3,0.10206689599239639,-0.21554253495960143,1.9489076887743648,-1.2406822188678863
CTKA4,-0.11280048123700886,-0.08917625579150168,-0.8682920495763673,-2.685498936948735
CTNM4,-0.03127618910107441,-0.12759975597039003,-1.3504598274171853,-2.1361618511381857
CTSA4,-0.08405949499583326,-0.11655694850273945,-2.9968894404862807,-1.2163025966120524
CURY3,-0.06527943165540237,0.018206929337735496,1.8594946076245726,1.8080948292722134
CVCB3,-0.02603730637196267,-0.11665470872985344,-1.7192685428839742,-2.250530354166327
CXSE3,-0.02341154793866368,0.006360495156089385,-2.628108478201917,-1.1586106549629638
CYRE3,0.07413869821812474,-0.030586653231121336,1.0441958489821148,-1.7552115415883351
DASA3,-0.10519156451893553,-0.02313421714661639,5.736765765608801,1.0348894069549988
DAYC4,-0.056364320642187785,0.002503140322502005,-1.6529875432739123,0.18412793185794618
DESK3,-0.06147375901215939,-0.1318617554368331,-1.8875194694112647,-2.024722948374035
DEXP3,-0.05330403662020081,-0.03967553999479274,1.9898569668194532,1.3663194662824916
DIRR3,-0.06435921865910489,-0.02843143956858388,1.401751755582855,-1.4762552401023945
DMVF3,-0.07206915881612816,-0.08646551934737322,-2.7659398680564085,-1.667114191843349
DOHL4,0.029181068316788357,-0.046395228904723064,0.8830711933251909,-0.44714267438972066
DOTZ3,0.11073284862553101,-0.14574471611753637,9.052575970366684,1.2166427811717926
DTCY3,-0.17559429693569584,-0.2027077186660906,-3.8681083758374686,-2.7733563658134823
DXCO3,0.07049887241657066,-0.04923886028237494,0.7094105472323459,-1.4872293303564472
EALT4,0.038191226661761085,-0.0795078944875362,1.6377467002322637,-0.8559194670394112
EBTP4,-0.032631087298539085,0.13732682793978412,-6.072783150166529,1.168554984075373
ECOR3,0.03602150043093668,-0.031882521359834215,1.294892313837606,-1.25457289404853
EGIE3,-0.05638559287392175,-0.020063222137565298,-0.19535935498960688,-0.8094741711931092
EKTR4,0.04997385894232119,-0.035156197173620576,1.2815160846406726,0.4694439730434644
ELEK4,-0.14953674618527568,-0.043554458720717476,-8.21387586808974,1.632965365058387
ELMD3,0.12476874561081634,-0.04141048237140918,4.399596957117355,2.329006922714549
ELPL4,-0.08707055404396818,0.16615331003577286,5.033884236549017,-0.8544393878376647
EMAE4,-0.07342383034598378,-0.04955438308372131,-1.7955461322029251,-0.5218245065467612
EMBJ3,0.0810490828792344,-0.030687870455839796,1.4505678532875939,-0.40597549738959715
ENAT3,0.08284526016790603,-0.04399195669193385,0.5252997364423944,-0.7894730557419605
ENBR3,-0.02284138084443596,0.027154936961062012,-0.99183853278726,-0.4305942526053081
ENEV3,-0.06305231553582863,-0.03537186603968844,1.3254139788976433,-1.147013463422526
ENGI11,0.04120314916148161,0.01916535292299745,0.7650341227730456,-0.8788694037048923
ENJU3,-0.1387896882269495,-0.2359162981406888,1.511301125290923,-3.5433424918936245
ENMT4,-0.06773773684678795,-0.09982476916835108,-1.483764359016631,-0.15305988961971162
EPAR4,0.11756090802735802,0.1152556658122778,-3.994348723934171,-0.9335873199405629
EQPA3,-0.04062835155685321,-0.025875903415329887,0.6296953588363625,-0.7326186846120568
EQTL3,0.04254515756002156,-0.024539122437340223,-1.1682854297211893,-0.7213963236209503
ESPA3,0.009266164914440711,-0.20197633984144497,-8.142103784840208,-3.4914586592556947
ESTR4,-0.079076600975936,-0.07558316005856013,-6.048395814064028,-0.8930464444576183
ETER3,0.03968852793749064,-0.07245210875871835,-3.1092372157122496,-1.533235928135761
EUCA4,0.031178743422075137,-0.03908567407218053,-2.684319930574542,-1.1515954204011698
EVEN3,-0.045083991933058794,-0.05476971938055156,1.599961164519946,-1.7466783861937485
EZTC3,-0.028760514212542474,-0.030684161472052197,0.18723082043525419,-1.6654547620614997
FESA4,0.044341476181497294,-0.03705561049500198,1.3632798495113694,-0.45753622683240924
FHER3,0.07445506611778922,-0.060490737967487856,-2.094058397849045,-1.0907837753543386
FIBR3,0.11113520874004393,-0.10243308389052375,-1.7251332101142234,0.9145286631073762
FICT3,0.08815819257611732,-0.08532062264069559,-2.6547280404325124,0.6495835158243576
FIEI3,-0.056543812009989564,0.011125246061256509,1.1486685005514996,-0.8110275691207282
FIQE3,0.02465452009963302,-0.06802742456512495,2.4190565058852482,-1.359578584279967
FLRY3,-0.04412716586447171,0.025838337666381127,-0.2333046606208034,-0.50795700398482
FRAS3,0.08754813175681057,-0.03933935707376605,0.6345420935241133,-1.2334506053930285
FRIO3,-0.12209510416812247,-0.1263920535935887,-6.90340449890847,2.0802447799883645
FRTA3,0.06808194744582886,-0.03264208134106435,2.3132966094577356,-1.6273663892454295
FTRX4,-0.448111603763062,-0.06352877354049385,3.6051121854487116,0.617103365721253
GEPA4,0.025981423910250313,-0.04947476687061568,0.6581984514136536,-0.47516277746456653
GETI4,-0.07841309565801903,-0.031841855728321565,1.7464915310160787,-0.4508319928821716
GFSA3,-0.1750187765300423,-0.08766300640133999,-2.467009887977571,-2.0038771033793576
GGBR4,0.06365070533639505,-0.05325938333242032,-0.8018972934145642,-1.0665688305664598
GGPS3,-0.052079914191376274,-0.04723750474576754,1.182088064838044,-1.887877198505095
GMAT3,0.0784888085871201,-0.06399797218058038,4.677625587956449,-2.1561215004032253
GNDI3,-0.016494718865071017,0.035020281088377694,-0.738195396836552,-0.648687816886615
GOAU4,0.05222981558310254,-0.07877859903833687,0.0021125049217554093,-1.423432205107284
GOLL4,0.07468556514472943,-0.10405282273506866,-0.5003244801045756,-3.262131539485546
GRND3,0.012971492056854229,-0.03525028979228428,0.6358451858727885,-0.7124322275494708
GSHP3,0.05399884119309326,-0.03910254184475873,2.081418882100042,-1.2127082546694328
HAGA4,0.01758076498852691,-0.017063341753282807,-0.8603230388200253,-0.6823721067920991
HAPV3,-0.1013372255287836,-0.08466481866440843,-2.453987984356901,1.37208345602161
HBOR3,0.07728293421271835,0.00817469825457183,1.0594819587880921,-1.9717888621757598
HBRE3,0.06853084194210507,-0.048854618918853544,4.810313420267203,-1.0832618209476985
HBSA3,-0.0938152521864442,-0.03648999849997205,3.331614667844134,-1.2535945765338388
HBTS5,0.12866626558137406,-0.06339578869351568,-5.450794192347625,2.3084900348730804
HETA4,0.16164931126099588,0.03160493507960857,1.6990732836904505,-1.3881403760664113
HGTX3,0.016549092271746953,0.04351408215418305,0.9027474784513231,-0.9601222545289814
HOOT4,-0.09260272708579667,-0.06698564001391194,-0.7755375867451956,-1.2325226188366738
HYPE3,-0.025273822979355116,0.018300147561152516,0.3981285077285692,-1.1738588813676027
IDVL4,-0.3010032352646628,-0.1076611320369703,-4.817250092736559,-2.1067706748606754
IFCM3,-0.2018322662561547,-0.14559632055283497,7.196185542323229,-3.029309046305959
IGBR3,0.15678655060336105,0.13688013709576677,0.49436376912340496,-0.8996105772678027
IGTA3,0.048298090395651486,-0.024868110118628245,-1.3630509147080403,-1.155762491987059
IGTI11,0.06133434340351268,0.015014646688527408,1.0574008301126807,-0.7120917100596602
IMBI4,0.16401237386307813,0.06775990390471526,-5.5514666827259145,-1.8526137315653548
IMCH3,0.09823744893111445,-0.1620191323899345,-2.634327947951777,-2.352084756424916
INEP4,-0.15309525957572157,-0.1100491166097169,2.3800990584869206,-0.97517842910226
INTB3,-0.09505831839107154,0.032776618980463725,-1.4915996897775554,-0.44094098601821174
IRBR3,0.0970631206626718,-0.1282736149320785,1.1131139500108183,-2.5100890784311862
ISAE4,-0.03544115609380713,0.016546941477241103,-1.0779738739279932,-0.41778018154550056
ITSA4,0.033001101450232766,-0.021438483346865635,-0.5195289562805611,-1.1654003555517618
ITUB4,0.03181612796676564,0.009054093304111091,0.589564343367359,-1.20381988078847
JALL3,-0.025695667257364767,-0.05263472796483736,-2.9012928351283955,-0.14651270329881005
JFEN3,-0.05666704591762734,0.055868819220983544,2.62599609111326,-2.324158620984105
JHSF3,0.04998043750716509,-0.04015466485794707,-1.880502737124982,-1.6970795301400254
JSLG3,-0.11690599948437576,-0.036372571346233756,0.8249322826182808,-1.640107113586764
KEPL3,-0.08760931088804208,-0.05585853376413888,-1.6655008030187537,-1.2188668863943237
KLBN11,-0.026258539650545823,-0.012766875323991385,-0.5536125946755859,0.3363616441497058
KRSA3,-0.1069532543799924,-0.004608023445499453,5.629351389585633,4.166791764888701
LAME4,-0.09896618704824589,0.04028997934585873,-1.0774272268603586,-0.8583659159968346
LAND3,0.06568216066742005,0.01159061505620283,-2.805546157233743,1.3185408650765336
LAVV3,0.11024176681821576,0.020916850614465507,2.1681586247656477,-1.978282407486644
LCAM3,0.06639514740986241,-0.11760632679377386,1.0516685772527667,-0.9361925145741343
LEVE3,0.07623101060042793,-0.01535782083197599,-0.8218726258629331,0.3501433877738279
LIGT3,0.09128912270677426,0.002380272670120788,1.8019566579748685,-1.5920000841554207
LINX3,-0.13031303294826402,-0.03811833338354183,1.7011293607733924,-0.6570676036303731
LIPR3,0.020003907713174847,-0.0362953540193237,0.28325147289510466,-0.49733516220583696
LIXC4,0.29023557533307587,-0.27279885335517884,-2.045373764185956,-2.2732374125098938
LJQQ3,-0.05023733212979438,-0.08215837959609872,3.737863492529935,-4.185647144861338
LOGG3,0.08545331788690033,-0.059400500573375065,-1.3845128872560077,-1.825825199381799
LOGN3,0.07820202315953734,0.008724481719497464,0.6554211353356858,-1.6303384295152814
LPSB3,-0.037838480297850675,-0.05904602019891017,0.3403185607079593,-2.132919846408231
LREN3,-0.038867304455959,-0.031088836922479417,-1.1273903101169214,-1.2422278415298642
LUPA3,0.03263592382463846,-0.10527397946079137,1.7523799538165004,-2.426551764521747
LUXM4,0.04889857459108928,-0.06395506210403178,-1.8778811915176763,-0.13810098910331864
LWSA3,0.12155169493645027,-0.023353600594179517,-4.009360030787823,0.7995794749525306
MAGG3,0.058870525602771444,-0.10431718254065146,-5.0691099691803165,0.572062675632657
MATD3,0.11919422255633401,0.014422848756318003,3.9483098292903733,-2.4642069279654017
MBRF3,-0.06673345159275791,-0.08999698939282938,-1.7577874878636301,0.5085304469476877
MDIA3,-0.019818167635815048,0.014773546548910565,-0.9811844987604459,-1.0942316627241953
MDNE3,0.10956127536873458,-0.047322030713515414,-0.4682497981452438,-1.7389034403784396
MEAL3,0.14169842274962655,-0.0444032962825788,-2.1429874304671372,-2.7191738402580454
MELK3,0.07800236708955696,0.04822115974216051,-1.3547990869910207,-1.253207235511041
MGEL4,-0.09460275989612328,0.020377305559787055,-2.241287923315282,-1.7362893296278223
MGLU3,-0.08653884255305927,-0.1051800246991243,-1.2884466864985047,-2.7323846337668356
MILS3,-0.0654462768729461,-0.036394979350000224,0.773159610929274,-1.6306177532203296
MLAS3,-0.020441311255535027,-0.10319007683751441,-7.668781683864584,-2.993408370044245
MMXM3,0.07023303595477243,-0.1590620419807987,-4.256947089547211,-1.3976389944230754
MNPR3,0.1338390612060416,0.039486817970238626,-2.117336698604634,-1.1005590645821692
MOAR3,0.12223183877910791,-0.03276225638413732,0.2764928698923206,0.4213541472735669
MOTV3,-0.015449100789708726,0.03046572026245714,0.6609357107969536,-0.9807014440999291
MOVI3,-0.07023516298929783,-0.0480557179361365,0.20825158797674315,-2.152057024574676
MPLU3,0.048385816444822635,0.05328867932459424,-2.3869782403516924,-0.7283766755008958
MRVE3,-0.07433671624065001,0.026012684823275817,-1.310769288990015,-1.3290766957803508
MTIG4,-0.048410148826434206,-0.033584928140078546,-6.042732849337826,-1.0734499151514783
MTRE3,0.08615075180158335,-0.055844984968486305,-3.6176739838776233,-2.501167983838837
MTSA4,-0.044285704902923856,-0.02777873131678842,0.9562843178749092,-0.7529273139014789
MULT3,0.05093102082617661,0.010063751107201719,-1.7048450373598119,-0.7980036395966007
MWET4,-0.07184353385420808,-0.08363006352989003,1.6600630919259762,-1.350587875806898
MYPK3,0.0654390297637433,-0.03675225361146131,-1.7125605337791892,-0.7828050479187018
NATU3,-0.07131571913212177,-0.04521212738624525,0.7048570627814617,-0.8734846528390301
NEOE3,0.041717129049894865,0.001899846282981595,-1.2209282155457775,-1.3903493643170861
NETC4,-0.08262917249622093,0.07504377582631279,-3.348354199955462,0.5840947330505165
NEXP3,-0.11387057582216363,-0.08797831007509896,-1.5239649343441166,-2.1849952686373797
NGRD3,-0.05762049376895538,-0.06353149848407788,4.456167044537613,1.3582764722745733
NORD3,0.5510679206506879,-0.2648720427670738,-6.009031605665323,-1.0366445440118037
NTCO3,-0.08080092965905827,-0.14139981876936736,-1.4311490165209881,-2.6303840490042
NUTR3,-0.1162480632307005,-0.17093125097782452,-1.5933157146473969,-1.247599941204789
ODPV3,0.03268111410686482,0.02003015556957525,0.7035183342411313,-0.34166642588774904
OFSA3,0.05619738636681511,0.02344176824460446,-1.3746223453206932,-0.9488660752389371
OGXP3,-0.24831175793141105,-0.16775949773408916,-7.9847640792108345,1.978094593483371
OIBR3,-0.09542311242699476,-0.18318833806148882,-1.8444549400476018,-2.012791380316425
OMGE3,-0.011243902500463254,-0.10956957837434966,-0.14882269560204225,-1.301245153913579
ONCO3,0.22601532812248953,-0.055877402311554136,-0.5872438477347304,-6.064028568784734
OPCT3,0.07825321926065072,-0.10604197051242159,3.87141881983894,-1.9014275380066055
ORVR3,0.053758292300600766,0.011375505531362693,-2.0898242459188245,-1.596842796758155
OSXB3,-0.09095905389548742,0.04772916393590655,-4.418098438681032,0.6698236759797718
PARD3,-0.10961476218555724,0.061465886344642305,-1.657282670806862,-1.1173667667852105
PCAR4,0.06565649322207974,0.06679328517833276,3.384464403872139,-1.1049949776166446
PDGR3,-0.42564125652227297,-0.21890226097885956,-4.691737107110719,-3.1096822245714053
PDTC3,0.05939048891712425,-0.08564800342448056,-2.8032801619079364,0.6038219917912486
PEAB4,-0.0066365192101558446,-0.0929855688466372,-3.1728335843535858,1.0973617329652707
PETR4,-0.038387056320601146,-0.03660735157307486,-0.7727861880389163,-1.8463012729470103
PETZ3,-0.05482378537148859,-0.058233035151199375,4.084291756175991,-2.0073784566570207
PFRM3,0.05015448024628422,-0.06483313420751363,-1.2643953052126349,-1.1902494192936162
PGMN3,0.002611957458864521,-0.029066739219953716,5.523135021519671,-0.9277943007253417
PINE4,-0.06442503930217065,0.01738531647602093,-1.4210037313951023,-1.038864610495775
PLAS3,-0.1142179859734183,0.020760205594220264,2.129738418393685,-2.4675344060367306
PLPL3,-0.05407831594543179,-0.05451214393826552,4.275717270190192,2.712865446935216
PMAM3,0.12098377151562831,-0.08991345202889324,-3.1176386712457838,-1.5857693523307916
PMET6,-0.12576438964950545,0.20092302509786947,-7.137175227600542,-2.1753392437094448
PNVL3,-0.037632727202419725,-0.015949387048839792,-1.3631876732029262,-0.7492100611446239
POMO4,0.0743958710591561,-0.03843283530609686,-1.0684859885799336,-1.2654347705054012
PORT3,-0.04860770012867206,0.02206265844738132,4.191724768758162,-0.2314690876977119
POSI3,0.0594222148018681,-0.09168154335435033,-2.888333776946325,-1.7728645698743062
PRBC4,-0.02590019958332139,-0.026824259772867336,-2.8311308792303147,-0.6447332554486154
PRIO3,-0.09853391500878235,-0.04351366136571168,2.411524312963726,-1.444479668904797
PRML3,0.054134726221692415,-0.06190033723510868,9.130872086615843,2.052989709508516
PRNR3,-0.010834169405799541,-0.05484787536925705,1.377000017060537,-1.2648301298017877
PRVI3,-0.03347466611789588,-0.07457639142202668,-2.2432164310279745,0.5528889056876283
PSSA3,0.016592491747059256,-0.04295993378262606,0.17323402555252282,-0.6870197928508393
PTBL3,-0.04714311958121241,-0.07753494882348431,0.671066443713813,-1.8218086285744406
PTNT4,0.07160149680335964,-0.04475125546743115,0.6758171256881691,-0.9415263926877577
QUAL3,-0.10085756266029745,-0.044871592701544685,-1.2673003510615226,-1.2430146723594149
RADL3,-0.04841311338750195,-0.013301031589405638,-0.6205687282173784,-0.3442044276734999
RAIL3,-0.028334233567596515,-0.02342987860592504,-1.1850850634594259,-0.7885480774883619
RAIZ4,0.044434627487200284,-0.03291045133342603,-3.8412380263125896,-1.0329408062536245
RANI3,0.04629422967204084,0.016076464027623815,0.9157275290442071,-1.7832486649093353
RAPT4,-0.06527921581117635,-0.06008974056438597,-1.110403223018361,-1.5205457808082943
RCSL3,0.2403002586781813,-0.1802470544947275,-3.9318747651831285,-1.9173102172995113
RDNI3,0.020345531946503737,-0.04557973089994084,1.7422399821578325,-1.2372384465942146
RDOR3,-0.07032029687271017,-0.038223633706706686,5.0888553809849935,-1.1843722106935988
RDTR3,0.0027282889049323605,0.017215028469143148,4.4935828916937455,1.130796004829099
RECV3,-0.11366048944033123,0.00247883076095398,-5.7958200226571845,-0.6018433659962118
REDE3,-0.04868148233393213,-0.049455018739807476,-0.7752357557568177,0.5767751040071768
RENT3,-0.0700289638003626,-0.02715895107246285,-0.12599827839090194,-1.3946000382805495
RHDS3,-0.051125318949931595,-0.029734249626936084,-7.989815218254172,0.8297094603681321
RIAA3,0.07748917560841403,-0.06924049834242232,0.2966484508899043,-2.141588862674472
RJCP3,-0.12808759172628983,0.2323185249446495,-4.811636076655292,-2.6103610965175448
RLOG3,-0.1100023703546177,-0.12239020064284803,-0.38454166489809083,-1.3359023568313917
RNEW11,0.10527589281673347,-0.0673504486347811,1.7759906499051175,-0.9341645143776806
ROMI3,-0.033528357541205936,-0.07023366679109344,-1.8818744648903079,-1.0075596203361905
RPAD5,-0.03543001402689344,0.029543069895860623,0.3205563263071569,-0.7087397360702475
RPMG3,0.0828468485405761,-0.036782124342363796,-1.3283357725994025,-1.1620304117000395
RSID3,-0.06006882934216792,-0.14093656429794593,0.6820855281708101,-2.7352990242497492
RSIP3,0.10898887075582736,0.07571170375309409,-0.3173145543721956,1.800139910131147
RSUL4,-0.002244498020379366,0.05128944052132873,-2.0544888020401757,1.5437764564374177
SANB11,0.029872057990457924,-0.03373357361745623,0.0603336035175665,-1.329440376191449
SAPR11,0.05321016987261711,0.019531247668060952,-1.1679290387989434,-1.2897000097898648
SBFG3,-0.16821017007629938,-0.10027545479131364,-1.6973688437509566,-1.7248756440344866
SBSP3,0.05948521617741323,-0.009672755019884342,1.1897480331315489,-1.0410795742219427
SCAR3,0.0499669154263882,-0.0328156203006855,-2.1805693539473334,-1.0562726992099705
SEDU3,0.0529998420267562,-0.05607697826945548,4.7420686540255925,1.1355530226829622
SEER3,0.1131828824360036,-0.036552229608475255,0.30090753721176106,-1.3977547141175561
SEQL3,-0.19929445422915154,0.011304436697165444,-12.489058387732978,-3.0021829620860334
SFSA4,-0.16304093067486802,-0.025830478070025434,-4.52799868357801,1.2047763852496964
SGPS3,-0.14420884750955462,-0.10358120151878603,-2.5466900415849048,-2.1236119089856462
SHOW3,0.07723540459956803,-0.04538769170217353,-3.4252071984663957,-2.1435922252329798
SHUL4,-0.07610742466590865,-0.02266221403088318,0.8273258600219847,-1.070958363392175
SIMH3,0.11674963283640018,-0.027200265293915147,-4.719474740053267,-1.5951247218095461
SLCE3,-0.038088436608703466,-0.049488587355783605,-0.49842237522390886,0.5003780523825909
SLED4,0.1873838373545882,-0.11964850746480465,-2.769123221269706,-1.1459959593089981
SMFT3,0.015067486763399786,-0.01506572893080274,4.7327478332252735,-2.943912715968424
SMLE3,0.05974334208864557,0.25967919088539426,5.158722007051821,-1.8678078462877012
SMLS3,0.28713843184556476,-0.17732195458195277,-0.5673176268190927,-2.3017302661359906
SMTO3,-0.035197987628924274,-0.042793565638736916,-0.7847929795688118,-0.7682243311925996
SNSY5,0.016061565748275736,-0.04348589342666407,5.1744399113907384,-1.3128454548635502
SOJA3,-0.09080597865741769,-0.05242532748022763,-2.463230472483451,0.8825035892116292
SOMA3,-0.04515467628291704,0.07365166052068904,3.770108445007004,-3.5385219032765916
SPRI3,-0.15235136430860524,-0.1312461698049906,-5.700251721100741,1.2845664318886594
SQIA3,-0.05785134652020696,-0.06691776894795025,0.960202050787951,-0.8835625252749306
SRNA3,-0.11203989841980763,0.10016454711730656,0.671579932318821,-1.6876975582624865
STBP3,-0.01205989605079897,0.0004035929061013462,1.7972391906426741,-2.156723687997819
SULT4,-0.11771256215514031,0.09233041473194761,-6.004981216532706,1.1530471374789626
SUZB3,-0.02905295120719692,0.0005984563419748831,-0.6474406510426474,0.4552761751369756
SYNE3,0.0555765080167466,-0.03294722713518159,0.8249069509794003,-0.8643439614388442
TAEE11,0.036639470508612666,-0.01841591952697627,-1.3885769892264719,-0.4677588957551158
TASA4,-0.05302898652087397,-0.13400786273080506,-2.375100158810938,-1.144748751348406
TCNO4,0.0697335761508328,0.029885300810198842,-2.8329957093925606,-1.45057354672456
TCSA3,-0.03490545574923476,-0.0015240277058449683,-2.6616717279345643,-1.8601393557281223
TECN3,0.06472705316214507,0.04795690338718374,0.24566399577091502,-1.7428761702591093
TEKA4,-0.06527621405107487,-0.03840635803358816,-2.9310877825707564,-1.6407574962723488
TELB4,-0.0446614320438744,-0.0322049981482,-3.1578217864241633,-1.12794962741205
TEMP3,-0.09369281484571049,0.07108816025150155,-3.7004991705648607,-0.7578502260598785
TEND3,0.09842446631396996,-0.11233203614798411,-1.064604032651534,-1.6814317666455856
TERI3,-0.3504654008224086,-0.17765292795422089,1.7508628065560456,-1.555620348852982
TESA3,0.010407594103179395,0.0774450851661827,-3.1389928559469507,-2.289139812280766
TFCO4,-0.029970863635065056,-0.002407064541356604,-1.5185260987154328,-1.554679438525424
TGMA3,0.09363253898588572,-0.05862417671579779,0.45031637084011833,-2.2113719397124143
TIET11,-0.005913303329050681,0.044282972817651346,-0.9114032597015399,-0.8764005812146232
TIMS3,0.012554719800861992,0.021728956272587405,0.885722568908247,-0.7258464040920678
TOKY3,-0.03193615155046169,-0.12199536579615247,-11.1674637880514,-3.3112969130477365
TOTS3,0.024977006749666224,-0.02769732818760681,0.44100267795012604,-0.6418831636033413
TOYB4,-0.26406037879426636,-0.1423268692321642,16.069896482080814,-2.748358781660739
TPIS3,0.0935433808091321,-0.10564401560187524,1.6522733314157294,-1.268480135400096
TRAD3,-0.0007190357546689348,-0.1315401418340477,15.957330773702001,-2.663840889993602
TRIS3,0.02720149120916206,-0.078549815065387,-1.7603045219095186,-1.334395136803639
TRPN3,0.09745301346464388,0.037762600746138186,1.6554042383821646,0.26703992207310007
TTEN3,0.09070766738496112,0.021809913334033152,2.4651278049828864,-1.0464972922999436
TUPY3,0.06534814525093521,-0.021352050748627623,1.754327079588461,0.41235964494404664
TXRX4,-0.12981916566113966,-0.08461479420212109,-2.650734217182361,-1.6259680776519208
UCAS3,-0.057146679649169654,-0.044230379187026735,-1.13843525863194,-1.1724404236822088
UGPA3,0.04695996236999792,0.025325103696625346,-1.6216182671285946,-0.7714250147643551
UNIP6,0.0012222112110587564,-0.09492405591734132,-1.7757547492922785,-1.0137194181376468
USIM5,0.06086347086664453,-0.11621753237351186,-0.5035213604357801,-1.7117959583866713
VALE3,0.0673172612858173,-0.03297088723027939,-0.9200708197077272,-0.6149769367049782
VAMO3,0.028615930203028814,0.036289216044890854,-4.388653995105166,2.1157688603930156
VBBR3,0.0633768753726531,-0.04687900969041667,-0.659456140434464,-1.3266487975858898
VITT3,-0.029907484473769896,0.10898932630153864,2.9159767940288073,1.6002745453802785
VIVA3,-0.10788077559818962,-0.041537040696027545,-0.5399467853779679,-1.6080875039544844
VIVR3,-0.10545705720086837,-0.08921896680223085,1.1014558356376478,-2.937724554937634
VIVT4,-0.008226086779784644,0.0336747065245866,-0.7726868540839842,-0.8012348256641532
VLID3,0.09389413280993562,0.0359981707127004,-1.7594771976344632,-0.8325512302447307
VSTE3,0.13066417337458802,0.12190585848575732,4.0433351538740485,-1.5737343436237616
VULC3,-0.043202798578848636,0.04642278750035217,1.4322742561772253,-1.2551466741703252
VVEO3,0.14707822824258157,0.14455733781012878,-7.84990909276158,-0.5386441142375274
WDCN3,-0.006002535557392871,-0.07788969361120174,-7.748252700764414,2.4175480240858684
WEGE3,-0.04590891466310795,-0.03349978963261677,-1.617044687526877,-0.4821431300238928
WEST3,0.16221894360577901,-0.06608937197398934,1.030813986769278,0.7493913039369899
WHRL4,0.05376967551203898,-0.05168292362598963,0.43505301445210476,-0.34769549412891254
WIZC3,0.005612855601739072,0.010069141582518391,2.435586209754722,-1.59171756920572
WLMM4,0.09691614973546583,-0.12823255898444136,1.1578981377551727,-0.4446467964872627
YDUQ3,0.10416100623056992,-0.07224525498171488,1.2633793309558086,-1.3446300295451128
ZAMP3,-0.08099040591565565,0.07808332958933219,0.23111968553628875,-0.9077595608279075
