ano_mes,data,ibov,ret_ibov,ipca,dolar,selic,ibc_br,var_dolar,delta_selic,delta_ipca,ibc_var
2003-02,2003-02-28,10281.0,-0.06221966893407149,1.57,3.5908,25.68,71.72228,0.04336877199428746,0.620000000000001,-0.6799999999999999,0.016812889125551678
2003-03,2003-03-31,11274.0,0.09220165809880143,1.23,3.4469,26.32,71.37508,-0.04089974252045914,0.6400000000000006,-0.3400000000000001,-0.004840894628558967
2003-04,2003-04-30,12557.0,0.10777908934744396,0.97,3.1187,26.32,70.86834,-0.10005902805488875,0.0,-0.26,-0.007099676805966348
2003-06,2003-06-30,12973.0,-0.034024877147171395,-0.15,2.8832,26.09,70.29779,-0.02483472100579731,-0.21999999999999886,-0.76,0.001982219744031788
2003-07,2003-07-31,13572.0,0.04513857233310681,0.2,2.8798,25.36,69.44384,-0.0011799411398487614,-0.7300000000000004,0.35,-0.012147608054250525
2003-09,2003-09-30,16011.0,0.05369254910403498,0.78,2.9228,21.02,71.50541,-0.026903214037075962,-2.4800000000000004,0.44,0.021762173482376523
2003-10,2003-10-31,17982.0,0.11609527154266353,0.29,2.8615,19.54,71.53661,-0.02119609806790579,-1.4800000000000004,-0.49000000000000005,0.000436330621697012
2004-03,2004-03-31,22142.0,0.017632641264631488,0.47,2.9055,16.19,74.30563,-0.008499314333046959,-0.10999999999999943,-0.14,0.011505513920895716
2004-04,2004-04-30,19607.0,-0.12158961210399077,0.37,2.906,15.96,74.72688,0.00017207261506801963,-0.23000000000000043,-0.09999999999999998,0.005669153198754939
2004-05,2004-05-31,19545.0,-0.0031671460883657687,0.51,3.1004,15.77,74.63731,0.06475357027712803,-0.19000000000000128,0.14,-0.0011986316035139666
2004-06,2004-06-30,21149.0,0.07887312380569433,0.71,3.1291,15.8,75.24325,0.009214287843206659,0.030000000000001137,0.19999999999999996,0.008118459789078658
2004-08,2004-08-31,22803.0,0.020647609900592556,0.69,3.0029,15.86,75.90818,-0.011225841020036986,0.08999999999999986,-0.22000000000000008,0.004523973113948143
2004-09,2004-09-30,23245.0,0.019197948890534278,0.33,2.8911,16.09,76.70298,-0.037941435870220364,0.23000000000000043,-0.35999999999999993,0.0104705448082143
2004-11,2004-11-30,25128.0,0.08623022866192542,0.69,2.786,16.96,76.98877,-0.02372914543575999,0.5500000000000007,0.24999999999999994,0.00927435567113366
2005-01,2005-01-31,24351.0,-0.0730338109086599,0.58,2.693,17.93,76.91054,-0.009314082709647953,0.4299999999999997,-0.28,0.006668625627527458
2005-02,2005-02-28,28139.0,0.1445835980049548,0.59,2.5978,18.47,77.38994,-0.035990880838415396,0.5399999999999991,0.010000000000000009,0.006233215889525745
2005-03,2005-03-31,26611.0,-0.05583185031141369,0.61,2.7047,18.97,77.46827,0.04032606742677369,0.5,0.020000000000000018,0.0010121470568398294
2005-05,2005-05-31,25207.0,0.01450545902499556,0.49,2.4528,19.61,77.925,-0.05024904419475951,0.28999999999999915,-0.38,-0.0006450760689603596
2005-06,2005-06-30,25051.0,-0.006207986828286494,-0.02,2.4135,19.75,77.50863,-0.01615225301700207,0.14000000000000057,-0.51,-0.0053432146294514204
2005-08,2005-08-31,28045.0,0.07409974365376293,0.17,2.3606,19.75,78.04541,-0.005449834996404168,0.030000000000001137,-0.07999999999999999,0.007442475265864834
2005-09,2005-09-30,31584.0,0.1188403002907723,0.35,2.2944,19.61,77.86005,-0.028444452589667324,-0.14000000000000057,0.17999999999999997,-0.0023750275640810337
2005-10,2005-10-31,30194.0,-0.045007434105526656,0.75,2.2565,19.25,77.99252,-0.01665643113824533,-0.35999999999999943,0.4,0.0017013860124672764
2005-11,2005-11-30,31917.0,0.05549555405679385,0.55,2.2108,18.87,78.51795,-0.02046049930794802,-0.379999999999999,-0.19999999999999996,0.006736928105413265
2006-01,2006-01-31,38383.0,0.1373835105498049,0.59,2.2739,17.65,79.74946,-0.005088399802053556,-0.5899999999999999,0.22999999999999998,0.008029148734791658
2006-03,2006-03-31,37952.0,-0.01718910690088471,0.43,2.152,16.74,79.67116,-0.004589822378743724,-0.5400000000000027,0.020000000000000018,-0.0019462203788916943
2006-05,2006-05-31,36530.0,-0.09977968293661554,0.1,2.1781,15.7,81.19881,0.022659649928829406,-0.490000000000002,-0.10999999999999999,0.01264566036314596
2006-06,2006-06-30,36631.0,0.0027610356381924106,-0.21,2.2483,15.18,80.3511,0.03172143794577442,-0.5199999999999996,-0.31,-0.01043993132411658
2006-07,2006-07-31,37077.0,0.012101954830324502,0.19,2.1893,14.98,81.79416,-0.026592517053666387,-0.1999999999999993,0.4,0.017959430549177258
2006-08,2006-08-31,36232.0,-0.023054125021795713,0.05,2.1559,14.66,81.79989,-0.015373588249328995,-0.3200000000000003,-0.14,7.005390115866206e-05
2006-10,2006-10-31,39263.0,0.0743685763454387,0.33,2.1483,13.95,82.91123,-0.009451077993357315,-0.22000000000000064,0.12000000000000002,0.01148533032539567
2006-11,2006-11-30,41932.0,0.06576665900881373,0.31,2.1579,13.65,83.46222,0.004458694860416501,-0.29999999999999893,-0.020000000000000018,0.00664554126141903
2007-01,2007-01-31,44642.0,0.0037703711795806782,0.44,2.1385,13.13,84.22726,-0.005316680745138913,-0.05999999999999872,-0.03999999999999998,-0.00332393936869535
2007-02,2007-02-28,43892.0,-0.016943048808267136,0.44,2.0963,12.93,84.46413,-0.01993076269712668,-0.20000000000000107,0.0,0.0028122724163173185
2007-04,2007-04-30,48956.0,0.06652868005292056,0.25,2.032,12.58,84.99403,-0.02752133316289873,-0.16000000000000014,-0.12,0.013342243423095868
2007-05,2007-05-31,52268.0,0.06546239360680772,0.28,1.9816,12.43,85.78776,-0.025115930523222807,-0.15000000000000036,0.030000000000000027,0.00933865590324423
2007-07,2007-07-31,54183.0,-0.0038498781145221983,0.24,1.8828,11.73,86.9192,-0.02574394407152103,-0.29999999999999893,-0.040000000000000036,0.005887481677565365
2007-08,2007-08-31,54637.0,0.008344102813948595,0.47,1.966,11.43,87.10311,0.04324099118012459,-0.3000000000000007,0.22999999999999998,0.0021158731327486358
2007-10,2007-10-31,65318.0,0.07720296390269965,0.3,1.801,11.18,88.64377,-0.05330127149901065,-0.040000000000000924,0.12,0.009681435363317226
2007-11,2007-11-30,63006.0,-0.036037689188027855,0.38,1.7699,11.18,88.5902,-0.017419018379247975,0.0,0.08000000000000002,-0.0006043289900690141
2008-01,2008-01-31,59490.0,-0.0712920138476747,0.54,1.7743,11.18,89.53172,-0.006572503506910632,0.0,-0.19999999999999996,0.001575104048599174
2008-02,2008-02-29,63489.0,0.06505843134661227,0.49,1.7277,11.18,89.25936,-0.02661493474879728,0.0,-0.050000000000000044,-0.0030420503481894956
2008-03,2008-03-31,60968.0,-0.04051752618260984,0.48,1.7076,11.18,88.66705,-0.011702168296929383,0.0,-0.010000000000000009,-0.006635830684871613
2008-04,2008-04-30,67868.0,0.10721550581687644,0.55,1.6889,11.37,89.85469,-0.011011446459931351,0.1899999999999995,0.07000000000000006,0.013394378182199684
2008-06,2008-06-30,65018.0,-0.11020434381294208,0.74,1.6189,12.09,91.73016,-0.02537185556934124,0.4599999999999991,-0.050000000000000044,0.010585626353224464
2008-07,2008-07-31,59505.0,-0.08860381200203804,0.53,1.5914,12.36,91.62681,-0.01713277430402571,0.2699999999999996,-0.20999999999999996,-0.0011266741494835308
2008-09,2008-09-30,49541.0,-0.11682040646016034,0.26,1.7996,13.39,91.75873,0.10990268699732314,0.47000000000000064,-0.020000000000000018,-0.0007517334627349381
2008-10,2008-10-31,37257.0,-0.28496076293199835,0.45,2.1729,13.66,89.95278,0.1884982629023727,0.2699999999999996,0.19,-0.01968150605397434
2009-03,2009-03-31,40926.0,0.06937516751965589,0.2,2.3138,11.7,86.32909,0.0004755214614623471,-0.9600000000000009,-0.35000000000000003,0.005296347788458666
2009-04,2009-04-30,47290.0,0.14453329875514775,0.48,2.2059,11.11,86.70452,-0.047755605724502215,-0.5899999999999999,0.27999999999999997,0.004348823785817801
2009-06,2009-06-30,51465.0,-0.033118836677441976,0.36,1.9576,9.54,88.1834,-0.051423547449000906,-0.620000000000001,-0.10999999999999999,0.0071038167740162805
2009-07,2009-07-31,54766.0,0.06216759846796727,0.24,1.9328,9.01,88.30943,-0.01274950438796607,-0.5299999999999994,-0.12,0.0014291805487200993
2009-08,2009-08-31,56489.0,0.03097636548580951,0.15,1.8452,8.65,89.74541,-0.046382056056830434,-0.35999999999999943,-0.09,0.016260777586266872
2009-09,2009-09-30,61518.0,0.08528388598370995,0.24,1.8198,8.65,90.46376,-0.013861067761074986,0.0,0.09,0.008004309078313732
2009-11,2009-11-30,67044.0,0.08556425756113306,0.41,1.7262,8.65,91.29076,-0.007042689156662729,0.0,0.12999999999999995,0.0010579610914194237
2010-03,2010-03-31,70372.0,0.056548397350587365,0.52,1.7858,8.65,95.85478,-0.030768264884502128,0.0,-0.26,0.009564315466322748
2010-04,2010-04-30,67530.0,-0.04122351319004913,0.57,1.7566,8.72,96.34601,-0.016486371600099026,0.07000000000000028,0.04999999999999993,0.005124731390547366
2010-05,2010-05-31,63047.0,-0.06869146359254152,0.43,1.8132,9.4,95.6075,0.03171311758367712,0.6799999999999997,-0.13999999999999996,-0.007665185096923155
2010-06,2010-06-30,60936.0,-0.03405634692372139,0.0,1.8065,9.94,95.43252,-0.0037019684789992846,0.5399999999999991,-0.43,-0.001830191146092175
2010-08,2010-08-31,65145.0,-0.035734240758111824,0.04,1.7596,10.66,96.55101,-0.005667021853451026,0.33999999999999986,0.03,0.00624752804931239
2010-09,2010-09-30,69430.0,0.06370349611028736,0.45,1.7187,10.66,97.43154,-0.02351831939192295,0.0,0.41000000000000003,0.009119842454263116
2010-11,2010-11-30,67705.0,-0.0429035721947546,0.83,1.7133,10.66,98.36071,0.017546375737797826,0.0,0.07999999999999996,0.011245241444881815
2011-01,2011-01-31,66575.0,-0.040187921965321394,0.83,1.6749,10.85,98.5386,-0.010984880223752325,0.1899999999999995,0.19999999999999996,0.012353268846178267
2011-02,2011-02-28,67383.0,0.012063628884771305,0.8,1.668,11.17,98.9366,-0.004128158065732523,0.3200000000000003,-0.029999999999999916,0.004039026330798334
2011-03,2011-03-31,68587.0,0.01771025181567154,0.79,1.6591,11.62,98.94981,-0.0053500172693823345,0.4499999999999993,-0.010000000000000009,0.0001335198500858059
2011-05,2011-05-31,64620.0,-0.02314390545102718,0.47,1.6135,11.92,99.14962,0.01693843428643027,0.17999999999999972,-0.30000000000000004,0.0018136787143432365
2011-06,2011-06-30,62404.0,-0.03489458451134908,0.15,1.587,12.1,99.58084,-0.01656029096560746,0.17999999999999972,-0.31999999999999995,0.004349184595967115
2011-08,2011-08-31,56495.0,-0.04038079622421087,0.37,1.597,12.42,99.57595,0.02094416777284247,0.16999999999999993,0.21,-0.0009685721707162198
2011-09,2011-09-30,52324.0,-0.07669698183522833,0.53,1.7498,11.91,99.46509,0.09137462645715178,-0.5099999999999998,0.16000000000000003,-0.0011133210378611036
2011-10,2011-10-31,58338.0,0.1087985252295951,0.43,1.7726,11.7,99.40302,0.012945899632133329,-0.21000000000000085,-0.10000000000000003,-0.0006240380418899294
2011-11,2011-11-30,56875.0,-0.025397804784461187,0.52,1.7905,11.4,99.88666,0.010047515134189888,-0.29999999999999893,0.09000000000000002,0.004865445737966656
2012-01,2012-01-31,63072.0,0.10555079251122201,0.56,1.7897,10.7,97.68394,-0.0260313601286557,-0.20000000000000107,0.06000000000000005,-0.01256013683698598
2012-02,2012-02-29,65812.0,0.04252526155409342,0.45,1.7184,10.4,98.60136,-0.04065438270881727,-0.29999999999999893,-0.11000000000000004,0.009391717819735801
2012-04,2012-04-30,61820.0,-0.04260881519267379,0.64,1.8548,9.35,98.87919,0.032604734640522715,-0.47000000000000064,0.43000000000000005,0.004895143698743665
2012-05,2012-05-31,54490.0,-0.12620973810896174,0.36,1.986,8.87,100.02262,0.06834569208781205,-0.4800000000000004,-0.28,0.011563909453546461
2012-07,2012-07-31,56097.0,0.03154572950696988,0.43,2.0287,8.07,100.90569,-0.010054279257763254,-0.3200000000000003,0.35,0.0016006840278912637
2012-08,2012-08-31,57061.0,0.017038535880699257,0.41,2.0294,7.85,101.24218,0.00034498903769852873,-0.22000000000000064,-0.020000000000000018,0.0033346979739199423
2012-10,2012-10-31,57068.0,-0.036272515032999664,0.59,2.0298,7.23,101.67941,0.0008378718546313557,-0.15999999999999925,0.020000000000000018,0.008342675862260451
2012-11,2012-11-30,57475.0,0.007106531396678051,0.6,2.0678,7.14,101.52939,0.018547974137875012,-0.09000000000000075,0.010000000000000009,-0.001475421621742301
2013-01,2013-01-31,59761.0,-0.019733394885081523,0.86,2.0311,7.11,101.72253,-0.022732123438991225,-0.04999999999999982,0.06999999999999995,0.0059503071721227485
2013-02,2013-02-28,57424.0,-0.03989093988037595,0.6,1.9733,7.12,100.82525,-0.028870250022059785,0.009999999999999787,-0.26,-0.008820858073427917
2013-04,2013-04-30,55910.0,-0.007874477275242597,0.55,2.0022,7.26,102.83368,0.009736588838964666,0.10999999999999943,0.08000000000000007,0.010625387951079812
2013-05,2013-05-31,53506.0,-0.043949457892169974,0.37,2.0348,7.42,103.05116,0.01615095796322663,0.16000000000000014,-0.18000000000000005,0.00211487131453425
2013-07,2013-07-31,48234.0,0.01624012868932745,0.03,2.2522,8.23,103.04867,0.03579881500649562,0.33000000000000007,-0.23,0.002921795616206868
2013-09,2013-09-30,52338.0,0.04553969204962627,0.35,2.2705,8.9,103.90889,-0.031090587070030984,0.45000000000000107,0.10999999999999999,0.005276524621991685
2013-10,2013-10-31,54256.0,0.0359909007041459,0.57,2.1886,9.25,103.90498,-0.036738001553663246,0.34999999999999964,0.21999999999999997,-3.762911912541522e-05
2014-01,2014-01-31,47639.0,-0.07806596726045889,0.55,2.3822,10.17,104.02845,0.015525831678287805,0.2699999999999996,-0.37,-0.00406031216468028
2014-02,2014-02-28,47094.0,-0.01150614912999437,0.69,2.3837,10.43,103.81187,0.0006294718938834043,0.2599999999999998,0.1399999999999999,-0.002081930471904636
2014-03,2014-03-31,50415.0,0.06814314547244749,0.92,2.3261,10.65,103.64591,-0.02446085692482214,0.22000000000000064,0.2300000000000001,-0.0015986611164985343
2014-04,2014-04-30,51626.0,0.023736671708460833,0.67,2.2328,10.87,103.21516,-0.04093664219374937,0.21999999999999886,-0.25,-0.004155976825327756
2014-06,2014-06-30,53168.0,0.03695575077726687,0.4,2.2355,10.9,100.7245,0.00655239755687298,0.0,-0.06,-0.020396472729005688
2014-07,2014-07-31,55829.0,0.04883673603251282,0.01,2.2246,10.9,101.4328,-0.004887792516106271,0.0,-0.39,0.0070320527776259745
2014-09,2014-09-30,54116.0,-0.12445417447340645,0.57,2.3329,10.9,102.86789,0.028213742988950408,0.0,0.31999999999999995,0.005722578147967949
2014-10,2014-10-31,54629.0,0.009434986538330747,0.42,2.4483,10.92,102.06678,0.0482817773067139,0.019999999999999574,-0.14999999999999997,-0.00778775573213375
2015-03,2015-03-31,51150.0,-0.008429668442540006,1.32,3.1395,12.58,100.90844,0.10856857221939542,0.4299999999999997,0.10000000000000009,-0.0017628442294649327
2015-04,2015-04-30,56229.0,0.09467014564732068,0.71,3.0432,12.68,99.65699,-0.031153958203092857,0.09999999999999964,-0.6100000000000001,-0.012401836754190265
2015-06,2015-06-30,53081.0,0.006065720924997464,0.79,3.1117,13.58,97.92725,0.016198883385000196,0.4299999999999997,0.050000000000000044,-0.01082826494425615
2015-07,2015-07-31,50865.0,-0.042643984528400125,0.62,3.2231,13.69,96.9346,0.035174428704468186,0.10999999999999943,-0.17000000000000004,-0.010136606511466417
2015-08,2015-08-31,46626.0,-0.08701673879055072,0.22,3.5143,14.15,97.38597,0.08649672956993415,0.46000000000000085,-0.4,0.004656438464696766
2015-09,2015-09-30,45059.0,-0.03418558332936783,0.54,3.9065,14.15,96.65676,0.10580147353926983,0.0,0.32000000000000006,-0.007487834233206203
2015-11,2015-11-30,45120.0,-0.016463900440411905,1.01,3.7765,14.15,96.03935,-0.027063271727569616,0.0,0.19000000000000006,-0.012054579313348635
2016-02,2016-02-29,42794.0,0.0574196170534087,0.9,3.9737,14.15,95.22108,-0.019611647606807114,0.0,-0.37,-0.00032555716100290955
2016-03,2016-03-31,50055.0,0.15672449502668861,0.43,3.7039,14.15,94.49179,-0.07031133201126605,0.0,-0.47000000000000003,-0.007658913341457629
2016-05,2016-05-31,48472.0,-0.10634822708309244,0.78,3.5393,14.15,94.10093,-0.007459465138997867,0.0,0.17000000000000004,-0.003498311152829836
2016-06,2016-06-30,51527.0,0.061119630489193,0.35,3.4245,14.15,94.35172,-0.0329734918237119,0.0,-0.43000000000000005,0.0026651171247722427
2016-08,2016-08-31,57901.0,0.010294425555846587,0.44,3.2097,14.15,93.79519,-0.020323583583362614,0.0,-0.08000000000000002,-0.0030255156711060938
2016-09,2016-09-30,58367.0,0.008016006042689483,0.08,3.2564,14.15,93.84337,0.014444815887152185,0.0,-0.36,0.0005136723962069212
2016-10,2016-10-31,64925.0,0.1064820959191497,0.26,3.1858,14.05,93.59002,-0.02191885583928488,-0.09999999999999964,0.18,-0.0026997112315979566
2016-11,2016-11-30,61906.0,-0.04761565202260343,0.18,3.342,13.9,93.47435,0.04786599529480107,-0.15000000000000036,-0.08000000000000002,-0.00123592237719361
2017-01,2017-01-31,64671.0,0.07119212170953837,0.38,3.1966,13.17,93.89639,-0.04755893246932397,-0.4800000000000004,0.08000000000000002,0.007368124381166297
2017-03,2017-03-31,64984.0,-0.025493989681159235,0.25,3.1279,12.15,95.10616,0.00760581962762541,-0.6699999999999999,-0.08000000000000002,8.969729319230346e-05
2017-05,2017-05-31,62711.0,-0.042031258122902315,0.31,3.2095,11.15,94.78815,0.02310328580490162,-0.4399999999999995,0.16999999999999998,-0.0014830041800744098
2017-06,2017-06-30,62900.0,0.0030092928585805367,-0.23,3.2954,10.15,95.2379,0.026412394871498268,-1.0,-0.54,0.0047447914111626854
2017-07,2017-07-31,65920.0,0.0468957218948205,0.24,3.2061,10.01,95.33598,-0.027472311424370233,-0.14000000000000057,0.47,0.0010298421111765155
2017-08,2017-08-31,70835.0,0.07191134323009862,0.19,3.1509,9.15,95.06293,-0.017367118902121392,-0.8599999999999994,-0.04999999999999999,-0.002864081325854251
2017-10,2017-10-31,74308.0,0.00018842276741182218,0.42,3.1912,8.01,95.32385,0.017831645412487385,-0.33999999999999986,0.26,0.003035501413841901
2017-11,2017-11-30,71971.0,-0.031955357427637665,0.28,3.2594,7.4,95.43246,0.02114610775069159,-0.6099999999999994,-0.13999999999999996,0.0011393790745968246
2018-01,2018-01-31,84913.0,0.10561832907431956,0.29,3.2106,6.9,96.21513,-0.025007070119549057,-0.09999999999999964,-0.15000000000000002,-0.006646677456242478
2018-02,2018-02-28,85481.0,0.006666926110847626,0.32,3.2415,6.72,95.88601,0.009578350069736397,-0.1800000000000006,0.030000000000000027,-0.003420667830516866
2018-04,2018-04-30,86115.0,0.008735717230267781,0.22,3.4075,6.4,96.45044,0.03837939438055993,-0.17999999999999972,0.13,0.005738575273792623
2018-07,2018-07-31,79220.0,0.08502120794799417,0.33,3.8288,6.4,96.48285,0.014627990378410782,0.0,-0.9299999999999999,0.00350843143721824
2018-08,2018-08-31,76678.0,-0.03261395677692924,-0.09,3.9298,6.4,97.27377,0.02603709582898661,0.0,-0.42000000000000004,0.008197519040948675
2018-10,2018-10-31,87424.0,0.09700222177408335,0.45,3.7584,6.4,97.02654,-0.0910099528338324,0.0,-0.02999999999999997,0.0036363072148952735
2018-11,2018-11-30,89504.0,0.023513472511279332,-0.21,3.7867,6.4,97.30896,0.007501592480541275,0.0,-0.66,0.002910749986550165
2019-01,2019-01-31,97394.0,0.10271270869039206,0.32,3.7417,6.4,97.43841,-0.037608669907587045,0.0,0.17,-0.0013634112605080961
2019-02,2019-02-28,95584.0,-0.01875916507462172,0.43,3.7236,6.4,96.69725,-0.004849111346297175,0.0,0.10999999999999999,-0.007606445959042363
2019-04,2019-04-30,96353.0,0.0097827320583459,0.57,3.8962,6.4,96.23143,0.012838075248114533,0.0,-0.18000000000000005,0.0010180627868145997
2019-05,2019-05-31,97030.0,0.00700167817998576,0.13,4.0015,6.4,97.53007,0.026667571659997114,0.0,-0.43999999999999995,0.013494967288753656
2019-07,2019-07-31,101812.0,0.008334244582625772,0.19,3.7793,6.4,96.68133,-0.02081744701684407,0.0,0.18,-0.0027316195640569862
2019-09,2019-09-30,104745.0,0.0350725669610501,-0.04,4.1215,5.71,97.29817,0.024935272140215625,-0.1900000000000004,-0.15,0.003756368376230945
2019-10,2019-10-31,107220.0,0.023353973433282604,0.1,4.087,5.38,98.49368,-0.008405970189004908,-0.33000000000000007,0.14,0.012287075902866373
2020-01,2020-01-31,113761.0,-0.019180041659556224,0.21,4.1495,4.4,97.90997,0.009662144885444368,-0.1899999999999995,-0.94,0.0013078059591487001
2020-03,2020-03-31,73020.0,-0.3553100029701799,0.07,4.8839,3.95,91.43481,0.11783934470091051,-0.2400000000000002,-0.18,-0.06753304127838433
2020-04,2020-04-30,80506.0,0.09759833958098518,-0.31,5.3256,3.65,83.18453,0.08658130028598965,-0.30000000000000027,-0.38,-0.09023128062496111
2020-06,2020-06-30,95056.0,0.08393658459819164,0.26,5.1966,2.58,89.60526,-0.08248215517332458,-0.4299999999999997,0.64,0.044323693835786715
2020-07,2020-07-31,102912.0,0.07940806250306132,0.36,5.2802,2.15,91.9639,0.01595941020574876,-0.43000000000000016,0.09999999999999998,0.026322561867461625
2020-08,2020-08-31,99369.0,-0.035034060323228644,0.24,5.4612,1.94,93.72393,0.03370457003979377,-0.20999999999999996,-0.12,0.019138270560513426
2020-09,2020-09-30,94603.0,-0.049151005764642264,0.64,5.3995,1.9,95.62386,-0.011362189137782197,-0.040000000000000036,0.4,0.02027155711460238
2020-11,2020-11-30,108888.0,0.14753581747777744,0.89,5.4178,1.9,97.65821,-0.03767333120892169,0.0,0.030000000000000027,0.0015869177182188388
2021-03,2021-03-31,116634.0,0.058242329606532195,0.93,5.6461,2.23,95.30017,0.04151519092523137,0.33000000000000007,0.07000000000000006,-0.03575920572602209
2021-04,2021-04-30,118894.0,0.019191513241835878,0.31,5.5621,2.65,96.43536,-0.014989306534373581,0.41999999999999993,-0.6200000000000001,0.01191173111233712
2021-05,2021-05-31,126216.0,0.05976238510528731,0.83,5.2911,3.29,97.253,-0.04994957103205144,0.6400000000000001,0.52,0.00847863273388505
2021-06,2021-06-30,126802.0,0.00463208979424401,0.53,5.0319,3.76,96.79272,-0.050228517375609405,0.46999999999999975,-0.29999999999999993,-0.004732810298911039
2021-08,2021-08-31,118781.0,-0.025107103944696618,0.87,5.2517,5.01,97.06923,0.018254993692268684,0.8599999999999994,-0.08999999999999997,0.006293557244324122
2021-09,2021-09-30,110979.0,-0.06794046725340763,1.16,5.2797,5.43,96.99082,0.005317444209785194,0.41999999999999993,0.2899999999999999,-0.0008077739980012488
2021-11,2021-11-30,101915.0,-0.015442141958804001,0.95,5.5569,7.65,99.0706,0.003045898055457519,1.3500000000000005,-0.30000000000000004,0.016319799753282016
2022-01,2022-01-31,112388.0,0.0696934966741587,0.54,5.5341,9.15,97.569,-0.020974350761183258,0.39000000000000057,-0.18999999999999995,-0.015896902620502695
2022-03,2022-03-31,119999.0,0.05883974244114931,1.62,4.9684,11.15,99.51881,-0.04490670889501547,0.6600000000000001,0.6100000000000001,0.009710155338135129
2022-05,2022-05-31,111351.0,0.03170495500552484,0.47,4.9551,12.51,99.70638,0.040589937332251136,0.8599999999999994,-0.5900000000000001,1.0631328398513773e-05
2022-06,2022-06-30,98542.0,-0.12220452111835023,0.67,5.0492,12.89,99.54343,0.018812465683552437,0.3800000000000008,0.20000000000000007,-0.001634298627630426
2022-08,2022-08-31,109523.0,0.05980492462496123,-0.36,5.1433,13.58,101.06249,-0.04277913160337743,0.4299999999999997,0.32000000000000006,-0.003591949702450581
2022-09,2022-09-30,110037.0,0.004682100009059553,-0.29,5.237,13.65,101.08345,0.01805391849279192,0.07000000000000028,0.07,0.00020739643363221205
2022-10,2022-10-31,116037.0,0.05309243289370613,0.59,5.2503,13.65,101.38865,0.002536402530733728,0.0,0.8799999999999999,0.0030192875292642807
2022-11,2022-11-30,112486.0,-0.031080336308741963,0.41,5.2747,13.65,100.57597,0.004636587878855458,0.0,-0.18,-0.008015492858421513
2023-01,2023-01-31,113532.0,0.03132259123935732,0.53,5.2007,13.65,100.23661,-0.007986176830990788,0.0,-0.08999999999999997,-0.00035812404036517087
2023-02,2023-02-28,104932.0,-0.07877221419620106,0.84,5.1717,13.65,103.25561,-0.005591777325253622,0.0,0.30999999999999994,0.030118736058611706
2023-03,2023-03-31,101882.0,-0.029497240457175167,0.71,5.2115,13.65,102.93565,0.0076662676103342875,0.0,-0.13,-0.0030987178323774733
2023-05,2023-05-31,108335.0,0.03669213626580792,0.23,4.9828,13.65,102.51912,-0.007378188931904894,0.0,-0.38,-0.017561384732857177
2023-06,2023-06-30,118087.0,0.08619336277921263,-0.08,4.8516,13.65,102.38355,-0.026683434577212006,0.0,-0.31,-0.0013223874726977503
2023-07,2023-07-31,121943.0,0.03213208150256541,0.12,4.8008,13.65,102.85932,-0.010525976759422573,0.0,0.2,0.004646937911412463
2023-08,2023-08-31,115742.0,-0.052190146333462195,0.23,4.9035,13.19,102.4601,0.021166665157072106,-0.46000000000000085,0.11000000000000001,-0.003881223402993572
2023-10,2023-10-31,113144.0,-0.029787713611115763,0.24,5.0648,12.65,102.80099,0.025556790971053678,-0.3200000000000003,-0.020000000000000018,0.0030314088260059435
2023-11,2023-11-30,127331.0,0.11812865144503881,0.28,4.8983,12.17,103.56324,-0.0334264441038894,-0.4800000000000004,0.040000000000000036,0.007414811861247594
2024-01,2024-01-31,127752.0,-0.049128560279465106,0.42,4.9144,11.65,104.41925,0.0035060576499572615,-0.21999999999999886,-0.14000000000000007,-0.001580730312320422
2024-02,2024-02-29,129020.0,0.009876546565529054,0.83,4.9644,11.15,104.80921,0.0101227734056486,-0.5,0.41,0.003734560437850254
2024-04,2024-04-30,125924.0,-0.017179495847978288,0.38,5.1291,10.65,105.25234,0.029480234038796516,-0.34999999999999964,0.22,0.007893570337389244
2024-05,2024-05-31,122098.0,-0.030854549399196074,0.46,5.133,10.46,105.64207,0.0007600783831298585,-0.1899999999999995,0.08000000000000002,0.0037028155383529437
2024-07,2024-07-31,127652.0,0.029776527192174385,0.38,5.542,10.4,106.92409,0.027995607489426977,0.0,0.17,0.003783005661224914
2024-09,2024-09-30,131816.0,-0.03127728631310944,0.44,5.5416,10.5,107.98672,-0.001983018803458858,0.09999999999999964,0.46,0.008385947048745068
2024-10,2024-10-31,129713.0,-0.016082693152547733,0.56,5.6241,10.65,108.17351,0.014777667562860142,0.15000000000000036,0.12000000000000005,0.0017297497321890898
2025-01,2025-01-31,126135.0,0.047505462341222326,0.16,6.0218,12.24,108.25756,-0.012410628975275007,0.47000000000000064,-0.36,0.0115217597474222
2025-02,2025-02-28,122799.0,-0.026803889595560904,1.31,5.7656,13.15,108.97999,-0.04347699332230981,0.9100000000000001,1.1500000000000001,0.006673252195966706
2025-03,2025-03-31,130260.0,0.0589835807608452,0.56,5.7468,13.57,109.82196,-0.00326604647366735,0.41999999999999993,-0.75,0.007725913720491251
2025-04,2025-04-30,135067.0,0.03623849850219685,0.43,5.7837,14.15,110.38863,0.006400438136968889,0.5800000000000001,-0.13000000000000006,0.005159896982352086
2025-06,2025-06-30,138855.0,0.013252236484959212,0.24,5.5471,14.74,108.85048,-0.021455190106478117,0.1899999999999995,-0.020000000000000018,-0.0015049368643851313
2025-07,2025-07-31,133071.0,-0.04254740281805702,0.26,5.5285,14.9,108.32307,-0.0033587376730346286,0.16000000000000014,0.020000000000000018,-0.004845270319432715
2025-09,2025-09-30,146237.0,0.033480264924882874,0.48,5.3674,14.9,108.59808,-0.014703019553606644,0.0,0.59,-0.001131978460492733
2025-10,2025-10-31,149540.0,0.02233532229954527,0.09,5.3855,14.9,108.69139,0.0033665368588564615,0.0,-0.39,0.0008592232938189337
