data,ipca,dolar,selic,ibc_br,var_dolar,delta_selic,delta_ipca,ibc_var
2003-02-28,1.57,3.5908,25.68,71.72228,0.04336877199428746,0.620000000000001,-0.6799999999999999,0.016812889125551678
2003-03-31,1.23,3.4469,26.32,71.37508,-0.04089974252045914,0.6400000000000006,-0.3400000000000001,-0.004840894628558967
2003-04-30,0.97,3.1187,26.32,70.86834,-0.10005902805488875,0.0,-0.26,-0.007099676805966348
2003-05-31,0.61,2.9557,26.31,70.15872,-0.05368073888736946,-0.010000000000001563,-0.36,-0.010013216056704577
2003-06-30,-0.15,2.8832,26.09,70.29779,-0.02483472100579731,-0.21999999999999886,-0.76,0.001982219744031788
2003-07-31,0.2,2.8798,25.36,69.44384,-0.0011799411398487614,-0.7300000000000004,0.35,-0.012147608054250525
2003-08-31,0.34,3.0025,23.5,69.98244,0.041724427679968645,-1.8599999999999994,0.14,0.0077559075074189465
2003-09-30,0.78,2.9228,21.02,71.50541,-0.026903214037075962,-2.4800000000000004,0.44,0.021762173482376523
2003-10-31,0.29,2.8615,19.54,71.53661,-0.02119609806790579,-1.4800000000000004,-0.49000000000000005,0.000436330621697012
2003-11-30,0.34,2.9138,18.31,71.60908,0.018112108370738733,-1.2300000000000004,0.050000000000000044,0.0010130477247944913
2003-12-31,0.52,2.9253,16.91,71.39244,0.0039389682892874145,-1.3999999999999986,0.18,-0.00302531466679945
2004-01-31,0.76,2.8518,16.32,72.75762,-0.02544666566116427,-0.5899999999999999,0.24,0.019122192769990942
2004-02-29,0.61,2.9303,16.3,73.46043,0.027154433000188494,-0.019999999999999574,-0.15000000000000002,0.009659606787577601
2004-03-31,0.47,2.9055,16.19,74.30563,-0.008499314333046959,-0.10999999999999943,-0.14,0.011505513920895716
2004-04-30,0.37,2.906,15.96,74.72688,0.00017207261506801963,-0.23000000000000043,-0.09999999999999998,0.005669153198754939
2004-05-31,0.51,3.1004,15.77,74.63731,0.06475357027712803,-0.19000000000000128,0.14,-0.0011986316035139666
2004-06-30,0.71,3.1291,15.8,75.24325,0.009214287843206659,0.030000000000001137,0.19999999999999996,0.008118459789078658
2004-07-31,0.91,3.0368,15.77,75.56632,-0.029941093834954247,-0.030000000000001137,0.20000000000000007,0.004293674183398544
2004-08-31,0.69,3.0029,15.86,75.90818,-0.011225841020036986,0.08999999999999986,-0.22000000000000008,0.004523973113948143
2004-09-30,0.33,2.8911,16.09,76.70298,-0.037941435870220364,0.23000000000000043,-0.35999999999999993,0.0104705448082143
2004-10-31,0.44,2.8529,16.41,76.28131,-0.01330103174984032,0.3200000000000003,0.10999999999999999,-0.005497439604041365
2004-11-30,0.69,2.786,16.96,76.98877,-0.02372914543575999,0.5500000000000007,0.24999999999999994,0.00927435567113366
2004-12-31,0.86,2.7182,17.5,76.40105,-0.02463697881850424,0.5399999999999991,0.17000000000000004,-0.007633840623768928
2005-01-31,0.58,2.693,17.93,76.91054,-0.009314082709647953,0.4299999999999997,-0.28,0.006668625627527458
2005-02-28,0.59,2.5978,18.47,77.38994,-0.035990880838415396,0.5399999999999991,0.010000000000000009,0.006233215889525745
2005-03-31,0.61,2.7047,18.97,77.46827,0.04032606742677369,0.5,0.020000000000000018,0.0010121470568398294
2005-04-30,0.87,2.5792,19.32,77.9753,-0.04751172708764806,0.3500000000000014,0.26,0.006545002231236108
2005-05-31,0.49,2.4528,19.61,77.925,-0.05024904419475951,0.28999999999999915,-0.38,-0.0006450760689603596
2005-06-30,-0.02,2.4135,19.75,77.50863,-0.01615225301700207,0.14000000000000057,-0.51,-0.0053432146294514204
2005-07-31,0.25,2.3735,19.72,77.46885,-0.016712317109174868,-0.030000000000001137,0.27,-0.0005132331715834715
2005-08-31,0.17,2.3606,19.75,78.04541,-0.005449834996404168,0.030000000000001137,-0.07999999999999999,0.007442475265864834
2005-09-30,0.35,2.2944,19.61,77.86005,-0.028444452589667324,-0.14000000000000057,0.17999999999999997,-0.0023750275640810337
2005-10-31,0.75,2.2565,19.25,77.99252,-0.01665643113824533,-0.35999999999999943,0.4,0.0017013860124672764
2005-11-30,0.55,2.2108,18.87,78.51795,-0.02046049930794802,-0.379999999999999,-0.19999999999999996,0.006736928105413265
2005-12-31,0.36,2.2855,18.24,79.11424,0.033230377812691114,-0.6300000000000026,-0.19000000000000006,0.007594314421097259
2006-01-31,0.59,2.2739,17.65,79.74946,-0.005088399802053556,-0.5899999999999999,0.22999999999999998,0.008029148734791658
2006-02-28,0.41,2.1619,17.28,79.82652,-0.05050895430932667,-0.36999999999999744,-0.18,0.0009662761352866589
2006-03-31,0.43,2.152,16.74,79.67116,-0.004589822378743724,-0.5400000000000027,0.020000000000000018,-0.0019462203788916943
2006-04-30,0.21,2.1293,16.19,80.18482,-0.010604355089322115,-0.5499999999999972,-0.22,0.006447251426990652
2006-05-31,0.1,2.1781,15.7,81.19881,0.022659649928829406,-0.490000000000002,-0.10999999999999999,0.01264566036314596
2006-06-30,-0.21,2.2483,15.18,80.3511,0.03172143794577442,-0.5199999999999996,-0.31,-0.01043993132411658
2006-07-31,0.19,2.1893,14.98,81.79416,-0.026592517053666387,-0.1999999999999993,0.4,0.017959430549177258
2006-08-31,0.05,2.1559,14.66,81.79989,-0.015373588249328995,-0.3200000000000003,-0.14,7.005390115866206e-05
2006-09-30,0.21,2.1687,14.17,81.96978,0.005919639910399677,-0.4900000000000002,0.15999999999999998,0.002076897658419785
2006-10-31,0.33,2.1483,13.95,82.91123,-0.009451077993357315,-0.22000000000000064,0.12000000000000002,0.01148533032539567
2006-11-30,0.31,2.1579,13.65,83.46222,0.004458694860416501,-0.29999999999999893,-0.020000000000000018,0.00664554126141903
2006-12-31,0.48,2.1499,13.19,84.50816,-0.0037141971293179754,-0.46000000000000085,0.16999999999999998,0.012531897665794212
2007-01-31,0.44,2.1385,13.13,84.22726,-0.005316680745138913,-0.05999999999999872,-0.03999999999999998,-0.00332393936869535
2007-02-28,0.44,2.0963,12.93,84.46413,-0.01993076269712668,-0.20000000000000107,0.0,0.0028122724163173185
2007-03-31,0.37,2.0887,12.74,83.87495,-0.003632023108565363,-0.1899999999999995,-0.07,-0.006975505460128484
2007-04-30,0.25,2.032,12.58,84.99403,-0.02752133316289873,-0.16000000000000014,-0.12,0.013342243423095868
2007-05-31,0.28,1.9816,12.43,85.78776,-0.025115930523222807,-0.15000000000000036,0.030000000000000027,0.00933865590324423
2007-06-30,0.28,1.9319,12.03,86.41046,-0.025400624576641495,-0.40000000000000036,0.0,0.007258611251768299
2007-07-31,0.24,1.8828,11.73,86.9192,-0.02574394407152103,-0.29999999999999893,-0.040000000000000036,0.005887481677565365
2007-08-31,0.47,1.966,11.43,87.10311,0.04324099118012459,-0.3000000000000007,0.22999999999999998,0.0021158731327486358
2007-09-30,0.18,1.8996,11.22,87.7938,-0.03435768403214512,-0.20999999999999908,-0.29,0.00792956761245378
2007-10-31,0.3,1.801,11.18,88.64377,-0.05330127149901065,-0.040000000000000924,0.12,0.009681435363317226
2007-11-30,0.38,1.7699,11.18,88.5902,-0.017419018379247975,0.0,0.08000000000000002,-0.0006043289900690141
2007-12-31,0.74,1.786,11.18,89.39092,0.009055434639736237,0.0,0.36,0.009038471523938219
2008-01-31,0.54,1.7743,11.18,89.53172,-0.006572503506910632,0.0,-0.19999999999999996,0.001575104048599174
2008-02-29,0.49,1.7277,11.18,89.25936,-0.02661493474879728,0.0,-0.050000000000000044,-0.0030420503481894956
2008-03-31,0.48,1.7076,11.18,88.66705,-0.011702168296929383,0.0,-0.010000000000000009,-0.006635830684871613
2008-04-30,0.55,1.6889,11.37,89.85469,-0.011011446459931351,0.1899999999999995,0.07000000000000006,0.013394378182199684
2008-05-31,0.79,1.6605,11.63,90.76931,-0.016958667607074318,0.26000000000000156,0.24,0.010178878809776082
2008-06-30,0.74,1.6189,12.09,91.73016,-0.02537185556934124,0.4599999999999991,-0.050000000000000044,0.010585626353224464
2008-07-31,0.53,1.5914,12.36,91.62681,-0.01713277430402571,0.2699999999999996,-0.20999999999999996,-0.0011266741494835308
2008-08-31,0.28,1.6123,12.92,91.82776,0.013047599026259737,0.5600000000000005,-0.25,0.0021931353934507847
2008-09-30,0.26,1.7996,13.39,91.75873,0.10990268699732314,0.47000000000000064,-0.020000000000000018,-0.0007517334627349381
2008-10-31,0.45,2.1729,13.66,89.95278,0.1884982629023727,0.2699999999999996,0.19,-0.01968150605397434
2008-11-30,0.36,2.2663,13.64,87.74605,0.042085864835494924,-0.019999999999999574,-0.09000000000000002,-0.02453209339388962
2008-12-31,0.28,2.3944,13.66,85.31882,0.05498413183360429,0.019999999999999574,-0.07999999999999996,-0.0276619859241527
2009-01-31,0.48,2.3074,13.32,85.17524,-0.03701132804529994,-0.33999999999999986,0.19999999999999996,-0.0016828643434121382
2009-02-28,0.55,2.3127,12.66,85.87427,0.0022943236401369305,-0.6600000000000001,0.07000000000000006,0.008206962492855796
2009-03-31,0.2,2.3138,11.7,86.32909,0.0004755214614623471,-0.9600000000000009,-0.35000000000000003,0.005296347788458666
2009-04-30,0.48,2.2059,11.11,86.70452,-0.047755605724502215,-0.5899999999999999,0.27999999999999997,0.004348823785817801
2009-05-31,0.47,2.0609,10.16,87.56138,-0.0679928082928235,-0.9499999999999993,-0.010000000000000009,0.0098825297689209
2009-06-30,0.36,1.9576,9.54,88.1834,-0.051423547449000906,-0.620000000000001,-0.10999999999999999,0.0071038167740162805
2009-07-31,0.24,1.9328,9.01,88.30943,-0.01274950438796607,-0.5299999999999994,-0.12,0.0014291805487200993
2009-08-31,0.15,1.8452,8.65,89.74541,-0.046382056056830434,-0.35999999999999943,-0.09,0.016260777586266872
2009-09-30,0.24,1.8198,8.65,90.46376,-0.013861067761074986,0.0,0.09,0.008004309078313732
2009-10-31,0.28,1.7384,8.65,91.19428,-0.04576145498037054,0.0,0.040000000000000036,0.008075277879230347
2009-11-30,0.41,1.7262,8.65,91.29076,-0.007042689156662729,0.0,0.12999999999999995,0.0010579610914194237
2009-12-31,0.37,1.7503,8.65,92.65936,0.013864741011232695,0.0,-0.03999999999999998,0.01499165961593496
2010-01-31,0.75,1.7798,8.65,94.03034,0.016713796625972055,0.0,0.38,0.014795914843357405
2010-02-28,0.78,1.8416,8.65,94.94668,0.034133760544856284,0.0,0.030000000000000027,0.00974515246887342
2010-03-31,0.52,1.7858,8.65,95.85478,-0.030768264884502128,0.0,-0.26,0.009564315466322748
2010-04-30,0.57,1.7566,8.72,96.34601,-0.016486371600099026,0.07000000000000028,0.04999999999999993,0.005124731390547366
2010-05-31,0.43,1.8132,9.4,95.6075,0.03171311758367712,0.6799999999999997,-0.13999999999999996,-0.007665185096923155
2010-06-30,0.0,1.8065,9.94,95.43252,-0.0037019684789992846,0.5399999999999991,-0.43,-0.001830191146092175
2010-07-31,0.01,1.7696,10.32,95.95155,-0.020637739259679155,0.3800000000000008,0.01,0.0054387120868233385
2010-08-31,0.04,1.7596,10.66,96.55101,-0.005667021853451026,0.33999999999999986,0.03,0.00624752804931239
2010-09-30,0.45,1.7187,10.66,97.43154,-0.02351831939192295,0.0,0.41000000000000003,0.009119842454263116
2010-10-31,0.75,1.6835,10.66,97.26692,-0.020693231481512586,0.0,0.3,-0.0016895966131705853
2010-11-30,0.83,1.7133,10.66,98.36071,0.017546375737797826,0.0,0.07999999999999996,0.011245241444881815
2010-12-31,0.63,1.6934,10.66,97.33618,-0.011682993130750163,0.0,-0.19999999999999996,-0.010416049253812787
2011-01-31,0.83,1.6749,10.85,98.5386,-0.010984880223752325,0.1899999999999995,0.19999999999999996,0.012353268846178267
2011-02-28,0.8,1.668,11.17,98.9366,-0.004128158065732523,0.3200000000000003,-0.029999999999999916,0.004039026330798334
2011-03-31,0.79,1.6591,11.62,98.94981,-0.0053500172693823345,0.4499999999999993,-0.010000000000000009,0.0001335198500858059
2011-04-30,0.77,1.5864,11.74,98.97012,-0.04480798844372341,0.120000000000001,-0.020000000000000018,0.00020525557350725698
2011-05-31,0.47,1.6135,11.92,99.14962,0.01693843428643027,0.17999999999999972,-0.30000000000000004,0.0018136787143432365
2011-06-30,0.15,1.587,12.1,99.58084,-0.01656029096560746,0.17999999999999972,-0.31999999999999995,0.004349184595967115
2011-07-31,0.16,1.5639,12.25,99.67249,-0.014662740084239068,0.15000000000000036,0.010000000000000009,0.0009203577716356826
2011-08-31,0.37,1.597,12.42,99.57595,0.02094416777284247,0.16999999999999993,0.21,-0.0009685721707162198
2011-09-30,0.53,1.7498,11.91,99.46509,0.09137462645715178,-0.5099999999999998,0.16000000000000003,-0.0011133210378611036
2011-10-31,0.43,1.7726,11.7,99.40302,0.012945899632133329,-0.21000000000000085,-0.10000000000000003,-0.0006240380418899294
2011-11-30,0.52,1.7905,11.4,99.88666,0.010047515134189888,-0.29999999999999893,0.09000000000000002,0.004865445737966656
2011-12-31,0.5,1.8369,10.9,98.92647,0.025584457713531017,-0.5,-0.020000000000000018,-0.009612795142014074
2012-01-31,0.56,1.7897,10.7,97.68394,-0.0260313601286557,-0.20000000000000107,0.06000000000000005,-0.01256013683698598
2012-02-29,0.45,1.7184,10.4,98.60136,-0.04065438270881727,-0.29999999999999893,-0.11000000000000004,0.009391717819735801
2012-03-31,0.21,1.7953,9.82,98.39752,0.04377851356223761,-0.5800000000000001,-0.24000000000000002,-0.002067314284508903
2012-04-30,0.64,1.8548,9.35,98.87919,0.032604734640522715,-0.47000000000000064,0.43000000000000005,0.004895143698743665
2012-05-31,0.36,1.986,8.87,100.02262,0.06834569208781205,-0.4800000000000004,-0.28,0.011563909453546461
2012-06-30,0.08,2.0492,8.39,100.74443,0.031326907459929276,-0.47999999999999865,-0.27999999999999997,0.007216467635020818
2012-07-31,0.43,2.0287,8.07,100.90569,-0.010054279257763254,-0.3200000000000003,0.35,0.0016006840278912637
2012-08-31,0.41,2.0294,7.85,101.24218,0.00034498903769852873,-0.22000000000000064,-0.020000000000000018,0.0033346979739199423
2012-09-30,0.57,2.0281,7.39,100.83815,-0.000640788684896032,-0.45999999999999996,0.15999999999999998,-0.0039907279752372515
2012-10-31,0.59,2.0298,7.23,101.67941,0.0008378718546313557,-0.15999999999999925,0.020000000000000018,0.008342675862260451
2012-11-30,0.6,2.0678,7.14,101.52939,0.018547974137875012,-0.09000000000000075,0.010000000000000009,-0.001475421621742301
2012-12-31,0.79,2.0778,7.16,101.12083,0.0048244014838384475,0.020000000000000462,0.19000000000000006,-0.004024056482561433
2013-01-31,0.86,2.0311,7.11,101.72253,-0.022732123438991225,-0.04999999999999982,0.06999999999999995,0.0059503071721227485
2013-02-28,0.6,1.9733,7.12,100.82525,-0.028870250022059785,0.009999999999999787,-0.26,-0.008820858073427917
2013-03-31,0.47,1.9828,7.15,101.75252,0.0048027189710385665,0.03000000000000025,-0.13,0.009196803380105756
2013-04-30,0.55,2.0022,7.26,102.83368,0.009736588838964666,0.10999999999999943,0.08000000000000007,0.010625387951079812
2013-05-31,0.37,2.0348,7.42,103.05116,0.01615095796322663,0.16000000000000014,-0.18000000000000005,0.00211487131453425
2013-06-30,0.26,2.173,7.9,102.74846,0.06571116730781967,0.4800000000000004,-0.10999999999999999,-0.0029373759596690308
2013-07-31,0.03,2.2522,8.23,103.04867,0.03579881500649562,0.33000000000000007,-0.23,0.002921795616206868
2013-08-31,0.24,2.3422,8.45,103.36349,0.039183142345111555,0.21999999999999886,0.21,0.003055061263769865
2013-09-30,0.35,2.2705,8.9,103.90889,-0.031090587070030984,0.45000000000000107,0.10999999999999999,0.005276524621991685
2013-10-31,0.57,2.1886,9.25,103.90498,-0.036738001553663246,0.34999999999999964,0.21999999999999997,-3.762911912541522e-05
2013-11-30,0.54,2.2954,9.45,104.13777,0.04764505026222532,0.1999999999999993,-0.029999999999999916,0.002240412345972276
2013-12-31,0.92,2.3455,9.9,104.45256,0.021591478521944762,0.45000000000000107,0.38,0.003022822555159399
2014-01-31,0.55,2.3822,10.17,104.02845,0.015525831678287805,0.2699999999999996,-0.37,-0.00406031216468028
2014-02-28,0.69,2.3837,10.43,103.81187,0.0006294718938834043,0.2599999999999998,0.1399999999999999,-0.002081930471904636
2014-03-31,0.92,2.3261,10.65,103.64591,-0.02446085692482214,0.22000000000000064,0.2300000000000001,-0.0015986611164985343
2014-04-30,0.67,2.2328,10.87,103.21516,-0.04093664219374937,0.21999999999999886,-0.25,-0.004155976825327756
2014-05-31,0.46,2.2209,10.9,102.8217,-0.005343884104950125,0.030000000000001137,-0.21000000000000002,-0.003812036913957151
2014-06-30,0.4,2.2355,10.9,100.7245,0.00655239755687298,0.0,-0.06,-0.020396472729005688
2014-07-31,0.01,2.2246,10.9,101.4328,-0.004887792516106271,0.0,-0.39,0.0070320527776259745
2014-08-31,0.25,2.268,10.9,102.28257,0.019321261689713598,0.0,0.24,0.00837766481848079
2014-09-30,0.57,2.3329,10.9,102.86789,0.028213742988950408,0.0,0.31999999999999995,0.005722578147967949
2014-10-31,0.42,2.4483,10.92,102.06678,0.0482817773067139,0.019999999999999574,-0.14999999999999997,-0.00778775573213375
2014-11-30,0.51,2.5484,11.15,102.19447,0.04007180509902619,0.23000000000000043,0.09000000000000002,0.0012510436794419544
2014-12-31,0.78,2.6394,11.58,102.64939,0.03508590734039607,0.4299999999999997,0.27,0.004451512885188524
2015-01-31,1.24,2.6342,11.82,101.806,-0.001972088017783147,0.2400000000000002,0.45999999999999996,-0.008216220281484388
2015-02-28,1.22,2.8165,12.15,101.08664,0.06691544876982258,0.33000000000000007,-0.020000000000000018,-0.007065988252165867
2015-03-31,1.32,3.1395,12.58,100.90844,0.10856857221939542,0.4299999999999997,0.10000000000000009,-0.0017628442294649327
2015-04-30,0.71,3.0432,12.68,99.65699,-0.031153958203092857,0.09999999999999964,-0.6100000000000001,-0.012401836754190265
2015-05-31,0.74,3.0617,13.15,98.99924,0.006060723887055364,0.47000000000000064,0.030000000000000027,-0.006600139137254657
2015-06-30,0.79,3.1117,13.58,97.92725,0.016198883385000196,0.4299999999999997,0.050000000000000044,-0.01082826494425615
2015-07-31,0.62,3.2231,13.69,96.9346,0.035174428704468186,0.10999999999999943,-0.17000000000000004,-0.010136606511466417
2015-08-31,0.22,3.5143,14.15,97.38597,0.08649672956993415,0.46000000000000085,-0.4,0.004656438464696766
2015-09-30,0.54,3.9065,14.15,96.65676,0.10580147353926983,0.0,0.32000000000000006,-0.007487834233206203
2015-10-31,0.82,3.8801,14.15,97.21119,-0.006780905955726668,0.0,0.2799999999999999,0.00573607060696002
2015-11-30,1.01,3.7765,14.15,96.03935,-0.027063271727569616,0.0,0.19000000000000006,-0.012054579313348635
2015-12-31,0.96,3.8711,14.15,95.69982,0.024741049608533627,0.0,-0.050000000000000044,-0.0035353217196909537
2016-01-31,1.27,4.0524,14.15,95.25209,0.04577059381748594,0.0,0.31000000000000005,-0.004678483198819028
2016-02-29,0.9,3.9737,14.15,95.22108,-0.019611647606807114,0.0,-0.37,-0.00032555716100290955
2016-03-31,0.43,3.7039,14.15,94.49179,-0.07031133201126605,0.0,-0.47000000000000003,-0.007658913341457629
2016-04-30,0.61,3.5658,14.15,94.43128,-0.03799788596077924,0.0,0.18,-0.0006403730948476571
2016-05-31,0.78,3.5393,14.15,94.10093,-0.007459465138997867,0.0,0.17000000000000004,-0.003498311152829836
2016-06-30,0.35,3.4245,14.15,94.35172,-0.0329734918237119,0.0,-0.43000000000000005,0.0026651171247722427
2016-07-31,0.52,3.2756,14.15,94.07983,-0.04445441724192678,0.0,0.17000000000000004,-0.0028816644784005474
2016-08-31,0.44,3.2097,14.15,93.79519,-0.020323583583362614,0.0,-0.08000000000000002,-0.0030255156711060938
2016-09-30,0.08,3.2564,14.15,93.84337,0.014444815887152185,0.0,-0.36,0.0005136723962069212
2016-10-31,0.26,3.1858,14.05,93.59002,-0.02191885583928488,-0.09999999999999964,0.18,-0.0026997112315979566
2016-11-30,0.18,3.342,13.9,93.47435,0.04786599529480107,-0.15000000000000036,-0.08000000000000002,-0.00123592237719361
2016-12-31,0.3,3.3523,13.65,93.20961,0.003077247248538084,-0.25,0.12,-0.002832220817796549
2017-01-31,0.38,3.1966,13.17,93.89639,-0.04755893246932397,-0.4800000000000004,0.08000000000000002,0.007368124381166297
2017-02-28,0.33,3.1042,12.82,95.09763,-0.029331711717468956,-0.34999999999999964,-0.04999999999999999,0.012793250091936326
2017-03-31,0.25,3.1279,12.15,95.10616,0.00760581962762541,-0.6699999999999999,-0.08000000000000002,8.969729319230346e-05
2017-04-30,0.14,3.1362,11.59,94.92893,0.0026500231022215104,-0.5600000000000005,-0.10999999999999999,-0.001863496539025511
2017-05-31,0.31,3.2095,11.15,94.78815,0.02310328580490162,-0.4399999999999995,0.16999999999999998,-0.0014830041800744098
2017-06-30,-0.23,3.2954,10.15,95.2379,0.026412394871498268,-1.0,-0.54,0.0047447914111626854
2017-07-31,0.24,3.2061,10.01,95.33598,-0.027472311424370233,-0.14000000000000057,0.47,0.0010298421111765155
2017-08-31,0.19,3.1509,9.15,95.06293,-0.017367118902121392,-0.8599999999999994,-0.04999999999999999,-0.002864081325854251
2017-09-30,0.16,3.1348,8.35,95.03537,-0.005122750118129904,-0.8000000000000007,-0.03,-0.0002899132185384401
2017-10-31,0.42,3.1912,8.01,95.32385,0.017831645412487385,-0.33999999999999986,0.26,0.003035501413841901
2017-11-30,0.28,3.2594,7.4,95.43246,0.02114610775069159,-0.6099999999999994,-0.13999999999999996,0.0011393790745968246
2017-12-31,0.44,3.2919,7.0,96.85892,0.00992177632297464,-0.40000000000000036,0.15999999999999998,0.01494732505061691
2018-01-31,0.29,3.2106,6.9,96.21513,-0.025007070119549057,-0.09999999999999964,-0.15000000000000002,-0.006646677456242478
2018-02-28,0.32,3.2415,6.72,95.88601,0.009578350069736397,-0.1800000000000006,0.030000000000000027,-0.003420667830516866
2018-03-31,0.09,3.2792,6.58,95.90011,0.011563304575077371,-0.13999999999999968,-0.23,0.00014704960608957762
2018-04-30,0.22,3.4075,6.4,96.45044,0.03837939438055993,-0.17999999999999972,0.13,0.005738575273792623
2018-05-31,0.4,3.6361,6.4,93.54773,0.06493279409876296,0.0,0.18000000000000002,-0.030095352597665714
2018-06-30,1.26,3.7732,6.4,96.14553,0.03701176910624748,0.0,0.86,0.027769781265670312
2018-07-31,0.33,3.8288,6.4,96.48285,0.014627990378410782,0.0,-0.9299999999999999,0.00350843143721824
2018-08-31,-0.09,3.9298,6.4,97.27377,0.02603709582898661,0.0,-0.42000000000000004,0.008197519040948675
2018-09-30,0.48,4.1165,6.4,96.675,0.046414753755385174,0.0,0.57,-0.006155513454449202
2018-10-31,0.45,3.7584,6.4,97.02654,-0.0910099528338324,0.0,-0.02999999999999997,0.0036363072148952735
2018-11-30,-0.21,3.7867,6.4,97.30896,0.007501592480541275,0.0,-0.66,0.002910749986550165
2018-12-31,0.15,3.8851,6.4,97.57144,0.02565379611102947,0.0,0.36,0.0026973877842286775
2019-01-31,0.32,3.7417,6.4,97.43841,-0.037608669907587045,0.0,0.17,-0.0013634112605080961
2019-02-28,0.43,3.7236,6.4,96.69725,-0.004849111346297175,0.0,0.10999999999999999,-0.007606445959042363
2019-03-31,0.75,3.8465,6.4,96.13356,0.03247270165665439,0.0,0.32,-0.00582943155053528
2019-04-30,0.57,3.8962,6.4,96.23143,0.012838075248114533,0.0,-0.18000000000000005,0.0010180627868145997
2019-05-31,0.13,4.0015,6.4,97.53007,0.026667571659997114,0.0,-0.43999999999999995,0.013494967288753656
2019-06-30,0.01,3.8588,6.4,96.94615,-0.03631303651070228,0.0,-0.12000000000000001,-0.005987076601093322
2019-07-31,0.19,3.7793,6.4,96.68133,-0.02081744701684407,0.0,0.18,-0.0027316195640569862
2019-08-31,0.11,4.02,5.9,96.93405,0.06174309533351208,-0.5,-0.08,0.0026139483186671253
2019-09-30,-0.04,4.1215,5.71,97.29817,0.024935272140215625,-0.1900000000000004,-0.15,0.003756368376230945
2019-10-31,0.1,4.087,5.38,98.49368,-0.008405970189004908,-0.33000000000000007,0.14,0.012287075902866373
2019-11-30,0.51,4.1553,4.9,98.23091,0.016573423284885314,-0.47999999999999954,0.41000000000000003,-0.0026678869141655293
2019-12-31,1.15,4.1096,4.59,97.78209,-0.011058927696104393,-0.3100000000000005,0.6399999999999999,-0.004569030257380313
2020-01-31,0.21,4.1495,4.4,97.90997,0.009662144885444368,-0.1899999999999995,-0.94,0.0013078059591487001
2020-02-29,0.25,4.341,4.19,98.05689,0.045116891261091085,-0.20999999999999996,0.04000000000000001,0.0015005622001518226
2020-03-31,0.07,4.8839,3.95,91.43481,0.11783934470091051,-0.2400000000000002,-0.18,-0.06753304127838433
2020-04-30,-0.31,5.3256,3.65,83.18453,0.08658130028598965,-0.30000000000000027,-0.38,-0.09023128062496111
2020-05-31,-0.38,5.6434,3.01,85.80219,0.05796133945188475,-0.6400000000000001,-0.07,0.03146811071722122
2020-06-30,0.26,5.1966,2.58,89.60526,-0.08248215517332458,-0.4299999999999997,0.64,0.044323693835786715
2020-07-31,0.36,5.2802,2.15,91.9639,0.01595941020574876,-0.43000000000000016,0.09999999999999998,0.026322561867461625
2020-08-31,0.24,5.4612,1.94,93.72393,0.03370457003979377,-0.20999999999999996,-0.12,0.019138270560513426
2020-09-30,0.64,5.3995,1.9,95.62386,-0.011362189137782197,-0.040000000000000036,0.4,0.02027155711460238
2020-10-31,0.86,5.6258,1.9,97.50348,0.041056803509407214,0.0,0.21999999999999997,0.019656391197761858
2020-11-30,0.89,5.4178,1.9,97.65821,-0.03767333120892169,0.0,0.030000000000000027,0.0015869177182188388
2020-12-31,1.35,5.1456,1.9,97.67173,-0.0515478484287073,0.0,0.4600000000000001,0.00013844202141322093
2021-01-31,0.25,5.3562,1.9,97.90837,0.04011278786877881,0.0,-1.1,0.0024228095478600054
2021-02-28,0.86,5.4165,1.9,98.83441,0.011195081972250831,0.0,0.61,0.009458231201275202
2021-03-31,0.93,5.6461,2.23,95.30017,0.04151519092523137,0.33000000000000007,0.07000000000000006,-0.03575920572602209
2021-04-30,0.31,5.5621,2.65,96.43536,-0.014989306534373581,0.41999999999999993,-0.6200000000000001,0.01191173111233712
2021-05-31,0.83,5.2911,3.29,97.253,-0.04994957103205144,0.6400000000000001,0.52,0.00847863273388505
2021-06-30,0.53,5.0319,3.76,96.79272,-0.050228517375609405,0.46999999999999975,-0.29999999999999993,-0.004732810298911039
2021-07-31,0.96,5.1567,4.15,96.46214,0.024499193633401806,0.39000000000000057,0.42999999999999994,-0.003415339500739245
2021-08-31,0.87,5.2517,5.01,97.06923,0.018254993692268684,0.8599999999999994,-0.08999999999999997,0.006293557244324122
2021-09-30,1.16,5.2797,5.43,96.99082,0.005317444209785194,0.41999999999999993,0.2899999999999999,-0.0008077739980012488
2021-10-31,1.25,5.54,6.3,97.47975,0.04812522283705456,0.8700000000000001,0.09000000000000008,0.005040992539293798
2021-11-30,0.95,5.5569,7.65,99.0706,0.003045898055457519,1.3500000000000005,-0.30000000000000004,0.016319799753282016
2021-12-31,0.73,5.6514,8.76,99.1451,0.016862903260039586,1.1099999999999994,-0.21999999999999997,0.0007519889856324458
2022-01-31,0.54,5.5341,9.15,97.569,-0.020974350761183258,0.39000000000000057,-0.18999999999999995,-0.015896902620502695
2022-02-28,1.01,5.1966,10.49,98.56176,-0.06292438573058923,1.3399999999999999,0.47,0.010174953110106744
2022-03-31,1.62,4.9684,11.15,99.51881,-0.04490670889501547,0.6600000000000001,0.6100000000000001,0.009710155338135129
2022-04-30,1.06,4.758,11.65,99.70532,-0.04327044480713549,0.5,-0.56,0.0018741180687349424
2022-05-31,0.47,4.9551,12.51,99.70638,0.040589937332251136,0.8599999999999994,-0.5900000000000001,1.0631328398513773e-05
2022-06-30,0.67,5.0492,12.89,99.54343,0.018812465683552437,0.3800000000000008,0.20000000000000007,-0.001634298627630426
2022-07-31,-0.68,5.3681,13.15,101.42681,0.06124421351136666,0.2599999999999998,-1.35,0.018920183883557096
2022-08-31,-0.36,5.1433,13.58,101.06249,-0.04277913160337743,0.4299999999999997,0.32000000000000006,-0.003591949702450581
2022-09-30,-0.29,5.237,13.65,101.08345,0.01805391849279192,0.07000000000000028,0.07,0.00020739643363221205
2022-10-31,0.59,5.2503,13.65,101.38865,0.002536402530733728,0.0,0.8799999999999999,0.0030192875292642807
2022-11-30,0.41,5.2747,13.65,100.57597,0.004636587878855458,0.0,-0.18,-0.008015492858421513
2022-12-31,0.62,5.2424,13.65,100.27252,-0.006142396963789931,0.0,0.21000000000000002,-0.0030171222807993114
2023-01-31,0.53,5.2007,13.65,100.23661,-0.007986176830990788,0.0,-0.08999999999999997,-0.00035812404036517087
2023-02-28,0.84,5.1717,13.65,103.25561,-0.005591777325253622,0.0,0.30999999999999994,0.030118736058611706
2023-03-31,0.71,5.2115,13.65,102.93565,0.0076662676103342875,0.0,-0.13,-0.0030987178323774733
2023-04-30,0.61,5.0197,13.65,104.35168,-0.03749755123553444,0.0,-0.09999999999999998,0.013756458525302051
2023-05-31,0.23,4.9828,13.65,102.51912,-0.007378188931904894,0.0,-0.38,-0.017561384732857177
2023-06-30,-0.08,4.8516,13.65,102.38355,-0.026683434577212006,0.0,-0.31,-0.0013223874726977503
2023-07-31,0.12,4.8008,13.65,102.85932,-0.010525976759422573,0.0,0.2,0.004646937911412463
2023-08-31,0.23,4.9035,13.19,102.4601,0.021166665157072106,-0.46000000000000085,0.11000000000000001,-0.003881223402993572
2023-09-30,0.26,4.937,12.97,102.4903,0.006808623426487914,-0.21999999999999886,0.03,0.0002947488827358402
2023-10-31,0.24,5.0648,12.65,102.80099,0.025556790971053678,-0.3200000000000003,-0.020000000000000018,0.0030314088260059435
2023-11-30,0.28,4.8983,12.17,103.56324,-0.0334264441038894,-0.4800000000000004,0.040000000000000036,0.007414811861247594
2023-12-31,0.56,4.8972,11.87,104.58457,-0.00022459292626697547,-0.3000000000000007,0.28,0.009861896943355708
2024-01-31,0.42,4.9144,11.65,104.41925,0.0035060576499572615,-0.21999999999999886,-0.14000000000000007,-0.001580730312320422
2024-02-29,0.83,4.9644,11.15,104.80921,0.0101227734056486,-0.5,0.41,0.003734560437850254
2024-03-31,0.16,4.9801,11.0,104.42803,0.0031575268830106307,-0.15000000000000036,-0.6699999999999999,-0.003636894124094514
2024-04-30,0.38,5.1291,10.65,105.25234,0.029480234038796516,-0.34999999999999964,0.22,0.007893570337389244
2024-05-31,0.46,5.133,10.46,105.64207,0.0007600783831298585,-0.1899999999999995,0.08000000000000002,0.0037028155383529437
2024-06-30,0.21,5.389,10.4,106.52112,0.04866955537319351,-0.0600000000000005,-0.25,0.008321022107953713
2024-07-31,0.38,5.542,10.4,106.92409,0.027995607489426977,0.0,0.17,0.003783005661224914
2024-08-31,-0.02,5.5526,10.4,107.08868,0.0019108400889304988,0.0,-0.4,0.0015393163505061924
2024-09-30,0.44,5.5416,10.5,107.98672,-0.001983018803458858,0.09999999999999964,0.46,0.008385947048745068
2024-10-31,0.56,5.6241,10.65,108.17351,0.014777667562860142,0.15000000000000036,0.12000000000000005,0.0017297497321890898
2024-11-30,0.39,5.8071,11.04,107.8848,0.03202037154835424,0.3899999999999988,-0.17000000000000004,-0.0026689528702543708
2024-12-31,0.52,6.097,11.77,107.02445,0.048715540088206444,0.7300000000000004,0.13,-0.007974710061102175
2025-01-31,0.16,6.0218,12.24,108.25756,-0.012410628975275007,0.47000000000000064,-0.36,0.0115217597474222
2025-02-28,1.31,5.7656,13.15,108.97999,-0.04347699332230981,0.9100000000000001,1.1500000000000001,0.006673252195966706
2025-03-31,0.56,5.7468,13.57,109.82196,-0.00326604647366735,0.41999999999999993,-0.75,0.007725913720491251
2025-04-30,0.43,5.7837,14.15,110.38863,0.006400438136968889,0.5800000000000001,-0.13000000000000006,0.005159896982352086
2025-05-31,0.26,5.6674,14.55,109.01454,-0.020313157511563595,0.40000000000000036,-0.16999999999999998,-0.012447749374188355
2025-06-30,0.24,5.5471,14.74,108.85048,-0.021455190106478117,0.1899999999999995,-0.020000000000000018,-0.0015049368643851313
2025-07-31,0.26,5.5285,14.9,108.32307,-0.0033587376730346286,0.16000000000000014,0.020000000000000018,-0.004845270319432715
2025-08-31,-0.11,5.4469,14.9,108.72115,-0.014869891496881449,0.0,-0.37,0.003674932772861794
2025-09-30,0.48,5.3674,14.9,108.59808,-0.014703019553606644,0.0,0.59,-0.001131978460492733
2025-10-31,0.09,5.3855,14.9,108.69139,0.0033665368588564615,0.0,-0.39,0.0008592232938189337
2025-11-30,0.18,5.3409,14.9,109.3473,-0.008315978711898264,0.0,0.09,0.006034608629073679
2025-12-31,0.33,5.4531,14.9,109.18161,0.02079007620823603,0.0,0.15000000000000002,-0.0015152637513683453
2026-01-31,0.33,5.338,14.9,110.02858,-0.021333203322693173,0.0,0.0,0.007757441935505538
